policy_id,split,cost,sector_id,episodes,wins,net_pnl_cny,mean_episode_return
BASE_DEF,selection_1,base,801030.SI,2,0,-6055.25,-0.01715921453418985
BASE_DEF,selection_1,base,801050.SI,2,0,-10811.24,-0.03316633438030565
BASE_DEF,selection_1,base,801120.SI,1,1,1818.92,0.0088771324478585
BASE_DEF,selection_1,base,801130.SI,1,1,1972.21,0.0167175316022641
BASE_DEF,selection_1,base,801150.SI,2,2,59587.58,0.13109746541500045
BASE_DEF,selection_1,base,801160.SI,1,0,-4750.9,-0.0463947239953856
BASE_DEF,selection_1,base,801170.SI,1,0,-16810.62,-0.0787378391761431
BASE_DEF,selection_1,base,801210.SI,1,1,17323.87,0.1276422565351572
BASE_DEF,selection_1,base,801230.SI,1,1,9745.37,0.0861773505870139
BASE_DEF,selection_1,base,801730.SI,1,0,-1403.43,-0.0134913747026654
BASE_DEF,selection_1,base,801760.SI,2,1,8067.98,0.0220150642297668
BASE_DEF,selection_1,base,801770.SI,1,1,12182.9,0.1040257341781263
BASE_DEF,selection_1,base,801880.SI,3,2,11823.38,0.0236261723157621
BASE_DEF,selection_1,stress,801030.SI,2,0,-6903.31,-0.01924043428234165
BASE_DEF,selection_1,stress,801050.SI,1,0,-4297.13,-0.041651380255129
BASE_DEF,selection_1,stress,801120.SI,1,1,1443.44,0.0068713936774837
BASE_DEF,selection_1,stress,801130.SI,1,1,1678.81,0.0139526101107284
BASE_DEF,selection_1,stress,801150.SI,2,2,59052.6,0.12883248843016296
BASE_DEF,selection_1,stress,801160.SI,1,0,-5110.36,-0.0491564065908422
BASE_DEF,selection_1,stress,801210.SI,1,1,17111.92,0.1259821789452992
BASE_DEF,selection_1,stress,801230.SI,1,1,28219.19,0.2452484998304417
BASE_DEF,selection_1,stress,801730.SI,1,0,-1656.43,-0.0156273099371343
BASE_DEF,selection_1,stress,801760.SI,2,1,12031.02,0.03363499796822625
BASE_DEF,selection_1,stress,801770.SI,2,1,786.62,0.0247243967978731
BASE_DEF,selection_1,stress,801880.SI,3,2,11282.35,0.021667233323469464
BASE_DEF,selection_1,stress,801970.SI,1,0,-11007.96,-0.0336211811278688
BASE_DEF,selection_2,base,801010.SI,1,1,603.09,0.0036445266412002
BASE_DEF,selection_2,base,801030.SI,2,0,-4379.22,-0.013042170189991199
BASE_DEF,selection_2,base,801040.SI,1,0,-1600.71,-0.0048607548349511
BASE_DEF,selection_2,base,801050.SI,2,2,18032.79,0.06534722699376685
BASE_DEF,selection_2,base,801080.SI,1,0,-3489.23,-0.0296082565696466
BASE_DEF,selection_2,base,801110.SI,1,1,7720.94,0.0468176627356947
BASE_DEF,selection_2,base,801140.SI,2,1,3159.71,0.01196791034404375
BASE_DEF,selection_2,base,801160.SI,2,1,-4782.99,-0.012608381381030001
BASE_DEF,selection_2,base,801200.SI,1,1,1019.41,0.006573909714807
BASE_DEF,selection_2,base,801780.SI,1,0,-2137.98,-0.0128318856014093
BASE_DEF,selection_2,base,801880.SI,1,0,-3147.21,-0.0196173763575337
BASE_DEF,selection_2,base,801890.SI,2,0,-9505.46,-0.03802504153330345
BASE_DEF,selection_2,base,801980.SI,1,0,-7908.44,-0.0412468455064041
BASE_DEF,selection_2,stress,801010.SI,1,1,77.2,0.0004657859410719
BASE_DEF,selection_2,stress,801030.SI,2,0,-5199.97,-0.015063902468098248
BASE_DEF,selection_2,stress,801040.SI,1,0,-2132.89,-0.0065189832465715
BASE_DEF,selection_2,stress,801050.SI,2,2,17325.24,0.0630889427158777
BASE_DEF,selection_2,stress,801080.SI,1,0,-3741.16,-0.0317121201743863
BASE_DEF,selection_2,stress,801110.SI,1,1,7376.03,0.0446825877219339
BASE_DEF,selection_2,stress,801140.SI,2,1,2601.86,0.01001949268859625
BASE_DEF,selection_2,stress,801160.SI,2,1,-5481.44,-0.0150223262876874
BASE_DEF,selection_2,stress,801200.SI,1,1,621.51,0.0040028178353676
BASE_DEF,selection_2,stress,801780.SI,1,0,-2695.83,-0.0161529744798066
BASE_DEF,selection_2,stress,801880.SI,1,0,-3471.13,-0.0216146194789434
BASE_DEF,selection_2,stress,801890.SI,2,0,-9973.36,-0.039845426082717794
BASE_DEF,selection_2,stress,801980.SI,1,0,-8238.36,-0.0429306031955169
BASE_DEF,selection_3,base,801030.SI,4,2,11158.76,0.0081747601484349
BASE_DEF,selection_3,base,801050.SI,2,1,5312.86,0.017354423317436148
BASE_DEF,selection_3,base,801110.SI,1,1,7221.36,0.0526217262169998
BASE_DEF,selection_3,base,801150.SI,2,2,6670.29,0.0189857087077876
BASE_DEF,selection_3,base,801160.SI,1,0,-1662.6,-0.0113646818825534
BASE_DEF,selection_3,base,801170.SI,2,1,-8582.26,0.0003700126595162015
BASE_DEF,selection_3,base,801720.SI,1,0,-4543.49,-0.0534954184696709
BASE_DEF,selection_3,base,801730.SI,2,0,-19415.04,-0.040837923731968304
BASE_DEF,selection_3,base,801760.SI,1,1,1312.35,0.0040115683317102
BASE_DEF,selection_3,base,801770.SI,1,0,-13162.65,-0.0415098181072325
BASE_DEF,selection_3,base,801780.SI,1,0,-3755.49,-0.011058756473608
BASE_DEF,selection_3,base,801880.SI,1,0,-604.05,-0.0084042581017855
BASE_DEF,selection_3,base,801890.SI,1,0,-2608.86,-0.0263439545861994
BASE_DEF,selection_3,base,801970.SI,1,1,8146.54,0.0708397000199305
BASE_DEF,selection_3,stress,801030.SI,4,2,9585.81,0.0061389036340387245
BASE_DEF,selection_3,stress,801050.SI,2,1,4780.28,0.015559185501757448
BASE_DEF,selection_3,stress,801110.SI,1,1,6977.45,0.050799192973229
BASE_DEF,selection_3,stress,801150.SI,2,2,5463.31,0.0161524358755486
BASE_DEF,selection_3,stress,801160.SI,1,0,-1949.43,-0.0134009921558588
BASE_DEF,selection_3,stress,801170.SI,2,1,-9189.28,-0.002405428308416502
BASE_DEF,selection_3,stress,801720.SI,1,0,-4755.42,-0.0559208874584231
BASE_DEF,selection_3,stress,801730.SI,2,0,-20355.73,-0.0427990137511951
BASE_DEF,selection_3,stress,801760.SI,1,1,747.12,0.0022982456712404
BASE_DEF,selection_3,stress,801770.SI,1,0,-14119.71,-0.0445492298346388
BASE_DEF,selection_3,stress,801780.SI,1,0,-4863.87,-0.0143498562497772
BASE_DEF,selection_3,stress,801880.SI,1,0,-748.02,-0.01039692103694
BASE_DEF,selection_3,stress,801890.SI,1,0,-2835.92,-0.0288313186084775
BASE_DEF,selection_3,stress,801970.SI,1,1,7900.65,0.0686525550639432
BASE_DEF,selection_4,base,801010.SI,1,0,-3208.66,-0.0096328608488329
BASE_DEF,selection_4,base,801030.SI,5,1,-17828.59,-0.015456638350623438
BASE_DEF,selection_4,base,801040.SI,1,1,17948.68,0.1112544543020178
BASE_DEF,selection_4,base,801050.SI,3,1,-8506.93,-0.013328816212986533
BASE_DEF,selection_4,base,801080.SI,3,3,19161.33,0.048183530956850996
BASE_DEF,selection_4,base,801120.SI,1,0,-17675.93,-0.0534949507055211
BASE_DEF,selection_4,base,801140.SI,1,1,429.97,0.0031148718850737
BASE_DEF,selection_4,base,801150.SI,1,1,193.94,0.0013422217749841
BASE_DEF,selection_4,base,801170.SI,2,1,12127.7,0.04252093826423155
BASE_DEF,selection_4,base,801730.SI,1,1,2481.48,0.0192425485605891
BASE_DEF,selection_4,base,801740.SI,1,1,620.69,0.0037233580203485
BASE_DEF,selection_4,base,801760.SI,1,1,9706.7,0.0586538456890296
BASE_DEF,selection_4,base,801770.SI,1,1,1511.56,0.0089992531184314
BASE_DEF,selection_4,base,801790.SI,2,2,8181.33,0.028996528731589297
BASE_DEF,selection_4,base,801880.SI,3,1,-11975.06,-0.010735323561440831
BASE_DEF,selection_4,base,801890.SI,2,0,-5960.06,-0.018618240228522598
BASE_DEF,selection_4,base,801960.SI,2,1,1938.67,0.0005435303848159998
BASE_DEF,selection_4,stress,801010.SI,1,0,-4145.64,-0.0124544873034312
BASE_DEF,selection_4,stress,801030.SI,5,1,-17401.08,-0.01480312615158938
BASE_DEF,selection_4,stress,801040.SI,1,1,17507.92,0.1090586423357891
BASE_DEF,selection_4,stress,801050.SI,4,2,-7628.37,-0.007009607029486651
BASE_DEF,selection_4,stress,801080.SI,3,3,18054.81,0.046467091420295835
BASE_DEF,selection_4,stress,801120.SI,1,0,-18315.77,-0.0553777334331088
BASE_DEF,selection_4,stress,801140.SI,1,1,167.42,0.0012306479109123
BASE_DEF,selection_4,stress,801150.SI,2,0,-9986.81,-0.023750487246932798
BASE_DEF,selection_4,stress,801170.SI,3,2,12477.26,0.030587878617719198
BASE_DEF,selection_4,stress,801730.SI,1,1,2174.56,0.0169596363991719
BASE_DEF,selection_4,stress,801740.SI,1,1,214.65,0.0012989314874003
BASE_DEF,selection_4,stress,801760.SI,1,1,9182.55,0.0559212944267372
BASE_DEF,selection_4,stress,801770.SI,1,1,1017.24,0.0060976947520046
BASE_DEF,selection_4,stress,801790.SI,2,2,7499.5,0.02669649331320035
BASE_DEF,selection_4,stress,801880.SI,1,0,-13559.45,-0.0406866565878089
BASE_DEF,selection_4,stress,801890.SI,2,0,-6623.91,-0.0206773538097288
BASE_DEF,selection_4,stress,801960.SI,2,1,871.08,-0.00164731039144915
BASE_DEF,selection_5,base,801030.SI,4,1,18139.16,0.03354853706306157
BASE_DEF,selection_5,base,801050.SI,1,0,-1526.7,-0.0138038873309121
BASE_DEF,selection_5,base,801120.SI,1,0,-6580.71,-0.0478657662860609
BASE_DEF,selection_5,base,801140.SI,2,2,9880.29,0.03381469939002675
BASE_DEF,selection_5,base,801150.SI,1,0,-9743.79,-0.0621444546582207
BASE_DEF,selection_5,base,801160.SI,2,1,8248.04,0.02537934853169225
BASE_DEF,selection_5,base,801170.SI,1,1,872.02,0.0091101442368115
BASE_DEF,selection_5,base,801200.SI,1,1,11732.73,0.0715459139226686
BASE_DEF,selection_5,base,801210.SI,1,0,-5890.83,-0.0344515164397427
BASE_DEF,selection_5,base,801720.SI,2,1,-2326.47,-0.0131233714474251
BASE_DEF,selection_5,base,801730.SI,1,1,5195.46,0.0446682905742174
BASE_DEF,selection_5,base,801780.SI,1,0,-9581.68,-0.0563768613678923
BASE_DEF,selection_5,base,801790.SI,1,1,7220.77,0.0441257530521743
BASE_DEF,selection_5,base,801880.SI,1,0,-4204.19,-0.0269829225202168
BASE_DEF,selection_5,base,801890.SI,3,2,-10928.67,-0.004192291762962333
BASE_DEF,selection_5,base,801960.SI,1,0,-5260.52,-0.0364335395341705
BASE_DEF,selection_5,stress,801030.SI,4,1,16728.11,0.03095170944025285
BASE_DEF,selection_5,stress,801050.SI,1,0,-1742.65,-0.0157410563042314
BASE_DEF,selection_5,stress,801120.SI,1,0,-6836.66,-0.049681183832792
BASE_DEF,selection_5,stress,801140.SI,2,2,8847.33,0.0314788465806414
BASE_DEF,selection_5,stress,801150.SI,1,0,-9916.41,-0.063700154008476
BASE_DEF,selection_5,stress,801160.SI,2,1,7561.24,0.023424320043243747
BASE_DEF,selection_5,stress,801170.SI,1,1,721.61,0.0076424525578243
BASE_DEF,selection_5,stress,801200.SI,1,1,11312.9,0.0693003057559212
BASE_DEF,selection_5,stress,801210.SI,1,0,-6224.73,-0.0365638456519384
BASE_DEF,selection_5,stress,801720.SI,2,0,-2920.24,-0.0154532723707633
BASE_DEF,selection_5,stress,801730.SI,1,1,5031.49,0.0432280613608579
BASE_DEF,selection_5,stress,801780.SI,1,0,-5920.34,-0.0350759489913607
BASE_DEF,selection_5,stress,801790.SI,1,1,6804.86,0.041755674148337
BASE_DEF,selection_5,stress,801880.SI,1,0,-4422.14,-0.0283619012826715
BASE_DEF,selection_5,stress,801890.SI,3,2,-12353.65,-0.0064875714034060665
BASE_DEF,selection_5,stress,801950.SI,1,0,-6523.15,-0.0458456328769233
BASE_DEF,selection_5,stress,801960.SI,1,0,-5722.76,-0.039731831176167
BASE_DEF,selection_6,base,801010.SI,1,0,-5589.3,-0.044162115647649
BASE_DEF,selection_6,base,801030.SI,5,5,63414.39,0.06618377777055706
BASE_DEF,selection_6,base,801040.SI,1,1,463.33,0.0026449657652387
BASE_DEF,selection_6,base,801050.SI,1,1,3896.29,0.0425720009842403
BASE_DEF,selection_6,base,801080.SI,2,1,626.04,0.01230238677546085
BASE_DEF,selection_6,base,801120.SI,2,1,554.93,0.0024143046728163503
BASE_DEF,selection_6,base,801140.SI,2,0,-11917.4,-0.02876953794908155
BASE_DEF,selection_6,base,801170.SI,2,2,19301.43,0.046984355817636894
BASE_DEF,selection_6,base,801710.SI,1,0,-6937.99,-0.0379964817332116
BASE_DEF,selection_6,base,801720.SI,1,0,-6700.84,-0.0531445452733575
BASE_DEF,selection_6,base,801730.SI,3,0,-25243.49,-0.047966644390195066
BASE_DEF,selection_6,base,801750.SI,1,1,2803.51,0.0319881436057714
BASE_DEF,selection_6,base,801880.SI,3,3,17544.39,0.04543105523726293
BASE_DEF,selection_6,base,801890.SI,3,2,3066.2,0.012283510805871532
BASE_DEF,selection_6,base,801950.SI,1,1,15639.25,0.0544115723795422
BASE_DEF,selection_6,base,801960.SI,2,2,13229.95,0.0480839928260311
BASE_DEF,selection_6,stress,801010.SI,1,0,-5965.2,-0.0470622466297776
BASE_DEF,selection_6,stress,801030.SI,5,5,43562.5,0.06150091357929803
BASE_DEF,selection_6,stress,801040.SI,1,1,23.02,0.0001336775966974
BASE_DEF,selection_6,stress,801050.SI,1,1,3758.32,0.0410335512977802
BASE_DEF,selection_6,stress,801080.SI,2,1,-90.87,0.01021131854344635
BASE_DEF,selection_6,stress,801120.SI,1,0,-1168.99,-0.003359284048546
BASE_DEF,selection_6,stress,801140.SI,2,0,-16959.9,-0.04911853532160025
BASE_DEF,selection_6,stress,801160.SI,1,0,-9537.4,-0.058356763985456
BASE_DEF,selection_6,stress,801170.SI,2,2,17616.09,0.04485103318388285
BASE_DEF,selection_6,stress,801710.SI,1,0,-7164.34,-0.0411389103311358
BASE_DEF,selection_6,stress,801720.SI,1,0,-6834.46,-0.0547024973523019
BASE_DEF,selection_6,stress,801730.SI,2,0,-9576.18,-0.0493818995723824
BASE_DEF,selection_6,stress,801750.SI,1,1,5375.32,0.0612633587486105
BASE_DEF,selection_6,stress,801760.SI,1,0,-16551.51,-0.0496015426560422
BASE_DEF,selection_6,stress,801880.SI,3,3,16321.07,0.04272587767055
BASE_DEF,selection_6,stress,801890.SI,5,3,-6940.9,0.00439732837230696
BASE_DEF,selection_6,stress,801950.SI,1,1,14897.8,0.0523127658556896
BASE_DEF,selection_6,stress,801960.SI,1,1,9052.93,0.0705761790885366
BASE_ENV,selection_1,base,801030.SI,2,1,7027.01,0.024826135633086298
BASE_ENV,selection_1,base,801050.SI,3,0,-19791.48,-0.02403498739915533
BASE_ENV,selection_1,base,801120.SI,1,1,10835.39,0.0537639221093752
BASE_ENV,selection_1,base,801140.SI,1,1,8092.18,0.0409827767279931
BASE_ENV,selection_1,base,801150.SI,4,4,154316.01,0.13820322076103214
BASE_ENV,selection_1,base,801160.SI,1,0,-9305.2,-0.0463946659795451
BASE_ENV,selection_1,base,801730.SI,1,0,-2681.55,-0.013491355932715
BASE_ENV,selection_1,base,801740.SI,1,0,-7839.32,-0.0399882167355511
BASE_ENV,selection_1,base,801760.SI,2,1,6953.36,0.022015081648564902
BASE_ENV,selection_1,base,801770.SI,2,1,20016.44,0.026944393685494648
BASE_ENV,selection_1,base,801880.SI,1,1,8293.69,0.0423232246583282
BASE_ENV,selection_1,base,801890.SI,1,1,23251.02,0.0589286451540336
BASE_ENV,selection_1,base,801950.SI,1,0,-22781.47,-0.056736596526445
BASE_ENV,selection_1,stress,801030.SI,2,1,5007.62,0.02194120347143715
BASE_ENV,selection_1,stress,801050.SI,3,0,-19966.56,-0.026015587408234866
BASE_ENV,selection_1,stress,801120.SI,1,1,9712.8,0.0512606376061649
BASE_ENV,selection_1,stress,801140.SI,1,1,7196.51,0.0388355178203054
BASE_ENV,selection_1,stress,801150.SI,3,3,84908.35,0.11493179421859069
BASE_ENV,selection_1,stress,801160.SI,1,0,-9282.08,-0.0491563941527167
BASE_ENV,selection_1,stress,801730.SI,1,0,-2935.09,-0.0156273751484222
BASE_ENV,selection_1,stress,801740.SI,1,0,-7669.24,-0.0416261083981804
BASE_ENV,selection_1,stress,801760.SI,2,1,10927.19,0.03363502003188655
BASE_ENV,selection_1,stress,801770.SI,2,1,17431.45,0.02472439710129485
BASE_ENV,selection_1,stress,801880.SI,1,1,7537.1,0.0404494644931186
BASE_ENV,selection_1,stress,801890.SI,1,1,20967.55,0.0565524490179573
BASE_ENV,selection_1,stress,801950.SI,1,0,-22245.2,-0.0588969386972972
BASE_ENV,selection_2,base,801030.SI,6,3,-8111.57,-0.007929777677506302
BASE_ENV,selection_2,base,801040.SI,1,0,-1577.35,-0.0048607795810956
BASE_ENV,selection_2,base,801050.SI,2,2,30960.67,0.06534723574850829
BASE_ENV,selection_2,base,801080.SI,1,0,-4984.61,-0.0296082313640507
BASE_ENV,selection_2,base,801110.SI,2,1,-4619.5,-0.013324034735023601
BASE_ENV,selection_2,base,801120.SI,1,1,2151.77,0.0129293233005
BASE_ENV,selection_2,base,801140.SI,1,1,14637.45,0.0457301414132325
BASE_ENV,selection_2,base,801170.SI,1,0,-10978.25,-0.0657302465289137
BASE_ENV,selection_2,base,801880.SI,3,0,-29515.4,-0.05995045659976567
BASE_ENV,selection_2,base,801890.SI,2,1,4972.71,0.014170984028482849
BASE_ENV,selection_2,base,801980.SI,1,0,-13228.67,-0.0412468656401826
BASE_ENV,selection_2,stress,801030.SI,6,3,-10261.08,-0.009934074753945683
BASE_ENV,selection_2,stress,801040.SI,1,0,-2101.53,-0.0065190019291503
BASE_ENV,selection_2,stress,801050.SI,2,2,29944.93,0.0630888679863017
BASE_ENV,selection_2,stress,801080.SI,1,0,-5344.51,-0.0317120963575985
BASE_ENV,selection_2,stress,801110.SI,2,1,-5141.38,-0.0148615202682101
BASE_ENV,selection_2,stress,801120.SI,1,1,1917.82,0.0115154914408991
BASE_ENV,selection_2,stress,801140.SI,1,1,13965.62,0.0435854519375081
BASE_ENV,selection_2,stress,801170.SI,1,0,-11266.18,-0.0673960510589015
BASE_ENV,selection_2,stress,801880.SI,3,0,-30376.91,-0.06174206287763331
BASE_ENV,selection_2,stress,801890.SI,2,1,4314.89,0.012178267055067148
BASE_ENV,selection_2,stress,801980.SI,1,0,-13780.52,-0.0429305733526216
BASE_ENV,selection_3,base,801030.SI,5,1,-13492.07,-0.012420398086101079
BASE_ENV,selection_3,base,801050.SI,2,1,5905.23,0.01735439958503595
BASE_ENV,selection_3,base,801110.SI,1,1,8641.97,0.0526218171590708
BASE_ENV,selection_3,base,801130.SI,2,1,13128.27,0.0216659692359304
BASE_ENV,selection_3,base,801140.SI,2,2,43353.7,0.0791059596715358
BASE_ENV,selection_3,base,801160.SI,1,0,-1740.17,-0.0113645647649969
BASE_ENV,selection_3,base,801170.SI,3,2,11066.93,0.010768878092257768
BASE_ENV,selection_3,base,801210.SI,1,0,-5240.22,-0.0336564711322775
BASE_ENV,selection_3,base,801710.SI,1,0,-7190.31,-0.0457431707404431
BASE_ENV,selection_3,base,801720.SI,1,0,-7897.17,-0.0504036416980089
BASE_ENV,selection_3,base,801730.SI,2,1,-2521.5,-0.0072568984982
BASE_ENV,selection_3,base,801770.SI,1,0,-13723.34,-0.0415098453299752
BASE_ENV,selection_3,base,801880.SI,1,0,-1208.11,-0.0084043282523545
BASE_ENV,selection_3,base,801890.SI,2,0,-33790.84,-0.0517096754354812
BASE_ENV,selection_3,base,801960.SI,1,1,10102.11,0.0609576706627237
BASE_ENV,selection_3,stress,801030.SI,6,1,-20103.38,-0.016985431168575132
BASE_ENV,selection_3,stress,801050.SI,2,1,5333.36,0.015559132459827799
BASE_ENV,selection_3,stress,801110.SI,1,1,8350.04,0.0507990500197294
BASE_ENV,selection_3,stress,801130.SI,1,1,17351.6,0.0561410038794224
BASE_ENV,selection_3,stress,801140.SI,1,1,36546.56,0.1191159144095552
BASE_ENV,selection_3,stress,801160.SI,1,0,-2041.01,-0.0134009659678851
BASE_ENV,selection_3,stress,801170.SI,3,2,722.46,-0.001324800238050633
BASE_ENV,selection_3,stress,801210.SI,1,0,-5545.14,-0.0357880220224052
BASE_ENV,selection_3,stress,801710.SI,1,0,-7672.91,-0.0490932926182029
BASE_ENV,selection_3,stress,801720.SI,1,0,-8113.88,-0.0521188782777519
BASE_ENV,selection_3,stress,801730.SI,2,1,-3275.18,-0.0092956253392357
BASE_ENV,selection_3,stress,801770.SI,1,0,-14722.37,-0.0445491982268763
BASE_ENV,selection_3,stress,801880.SI,1,0,-1496.03,-0.0103968522632054
BASE_ENV,selection_3,stress,801890.SI,2,0,-34910.97,-0.05354952029599315
BASE_ENV,selection_3,stress,801960.SI,1,1,9265.61,0.05708577952231
BASE_ENV,selection_4,base,801030.SI,5,2,35342.71,0.044422428461537475
BASE_ENV,selection_4,base,801040.SI,1,1,17841.83,0.1112543703704627
BASE_ENV,selection_4,base,801050.SI,3,1,-9691.18,-0.002382612283099899
BASE_ENV,selection_4,base,801080.SI,2,2,28010.36,0.06728197338286
BASE_ENV,selection_4,base,801110.SI,1,0,-14771.43,-0.091239581272483
BASE_ENV,selection_4,base,801120.SI,2,0,-25243.06,-0.0381060112636852
BASE_ENV,selection_4,base,801140.SI,2,1,-10253.62,-0.0142377096628571
BASE_ENV,selection_4,base,801150.SI,3,2,21984.15,0.0199958290521146
BASE_ENV,selection_4,base,801730.SI,2,1,18258.38,0.0264453735763185
BASE_ENV,selection_4,base,801760.SI,1,1,12904.19,0.072900967211657
BASE_ENV,selection_4,base,801770.SI,2,1,15316.11,0.0467842206667246
BASE_ENV,selection_4,base,801780.SI,1,1,6359.36,0.0394851732843999
BASE_ENV,selection_4,base,801790.SI,1,1,6293.77,0.0369000027321305
BASE_ENV,selection_4,base,801880.SI,1,0,-3792.11,-0.0108627752457022
BASE_ENV,selection_4,base,801890.SI,4,2,-3885.49,-0.0071743493986345264
BASE_ENV,selection_4,base,801960.SI,2,1,1908.95,0.0005435571126263502
BASE_ENV,selection_4,stress,801030.SI,5,2,33271.48,0.042227741112533045
BASE_ENV,selection_4,stress,801040.SI,1,1,17507.92,0.1090586423357891
BASE_ENV,selection_4,stress,801050.SI,3,1,-11323.78,-0.004453691111062468
BASE_ENV,selection_4,stress,801080.SI,2,2,26661.95,0.06540485089319845
BASE_ENV,selection_4,stress,801110.SI,1,0,-15065.37,-0.092970733544214
BASE_ENV,selection_4,stress,801120.SI,2,0,-26556.69,-0.040114458322038096
BASE_ENV,selection_4,stress,801140.SI,2,1,-11015.93,-0.016092886157152448
BASE_ENV,selection_4,stress,801150.SI,3,2,19483.94,0.017164658306009932
BASE_ENV,selection_4,stress,801730.SI,2,1,16731.55,0.024603918910472904
BASE_ENV,selection_4,stress,801760.SI,1,1,12532.74,0.0712514563416447
BASE_ENV,selection_4,stress,801770.SI,2,1,14225.75,0.043933794548714655
BASE_ENV,selection_4,stress,801780.SI,1,1,5953.46,0.037120569242002
BASE_ENV,selection_4,stress,801790.SI,1,1,5839.25,0.0348013564736453
BASE_ENV,selection_4,stress,801880.SI,1,0,-4470.68,-0.0129682719583556
BASE_ENV,selection_4,stress,801890.SI,4,2,-5314.54,-0.009387631783194225
BASE_ENV,selection_4,stress,801960.SI,2,1,847.34,-0.0016473118604568501
BASE_ENV,selection_5,base,801030.SI,3,1,24306.62,0.05000189859440307
BASE_ENV,selection_5,base,801050.SI,1,0,-8763.78,-0.0525489362260917
BASE_ENV,selection_5,base,801120.SI,1,0,-7814.61,-0.0478658689154559
BASE_ENV,selection_5,base,801130.SI,1,1,2154.31,0.0129131508769069
BASE_ENV,selection_5,base,801140.SI,2,0,-20322.53,-0.04011674147442225
BASE_ENV,selection_5,base,801160.SI,4,2,11991.92,0.0176091132047656
BASE_ENV,selection_5,base,801170.SI,2,1,-5930.7,-0.017009149504209148
BASE_ENV,selection_5,base,801200.SI,1,0,-6531.84,-0.0393234467640682
BASE_ENV,selection_5,base,801710.SI,1,0,-6305.96,-0.0379747948378521
BASE_ENV,selection_5,base,801720.SI,4,2,-842.0,-0.0015074248866105001
BASE_ENV,selection_5,base,801730.SI,2,2,43270.49,0.13150213121782725
BASE_ENV,selection_5,base,801740.SI,1,0,-8036.21,-0.0477152412665013
BASE_ENV,selection_5,base,801880.SI,1,0,-4435.6,-0.0269828429365674
BASE_ENV,selection_5,base,801890.SI,1,1,12060.87,0.0737123680736992
BASE_ENV,selection_5,base,801970.SI,1,0,-14259.45,-0.0410748617076181
BASE_ENV,selection_5,stress,801030.SI,3,1,23161.27,0.04796791436432224
BASE_ENV,selection_5,stress,801050.SI,1,0,-9059.71,-0.0542751983219919
BASE_ENV,selection_5,stress,801120.SI,1,0,-8118.53,-0.0496811629749081
BASE_ENV,selection_5,stress,801130.SI,1,1,1712.19,0.0103471044134205
BASE_ENV,selection_5,stress,801140.SI,2,0,-21249.19,-0.04207843234088885
BASE_ENV,selection_5,stress,801160.SI,4,2,10143.22,0.0149479977931801
BASE_ENV,selection_5,stress,801170.SI,2,1,-6653.12,-0.0192638938206837
BASE_ENV,selection_5,stress,801200.SI,1,0,-6879.75,-0.0413746057617555
BASE_ENV,selection_5,stress,801710.SI,1,0,-6655.87,-0.040039761414668
BASE_ENV,selection_5,stress,801720.SI,4,1,-2262.95,-0.0035299453349198935
BASE_ENV,selection_5,stress,801730.SI,2,2,42598.04,0.12964191615214596
BASE_ENV,selection_5,stress,801740.SI,1,0,-8376.12,-0.0496833001908473
BASE_ENV,selection_5,stress,801880.SI,1,0,-4665.55,-0.0283618371148913
BASE_ENV,selection_5,stress,801890.SI,1,1,11730.97,0.0716286807564242
BASE_ENV,selection_5,stress,801970.SI,1,0,-15348.95,-0.0446280454437042
BASE_ENV,selection_6,base,801010.SI,1,0,-7373.11,-0.0441620635504954
BASE_ENV,selection_6,base,801030.SI,8,6,74204.7,0.03728631682445223
BASE_ENV,selection_6,base,801050.SI,1,1,6945.55,0.0425719356640352
BASE_ENV,selection_6,base,801080.SI,3,0,-36093.31,-0.07385410446864772
BASE_ENV,selection_6,base,801110.SI,1,1,15007.34,0.0896877017920101
BASE_ENV,selection_6,base,801120.SI,2,1,647.22,0.0024143289531989498
BASE_ENV,selection_6,base,801140.SI,1,1,7906.79,0.0490009295984134
BASE_ENV,selection_6,base,801150.SI,1,1,12773.15,0.037916203591563
BASE_ENV,selection_6,base,801200.SI,1,0,-9873.81,-0.0302457164070423
BASE_ENV,selection_6,base,801210.SI,1,1,1502.3,0.0087458325871946
BASE_ENV,selection_6,base,801710.SI,2,1,2352.49,0.0070919963196825475
BASE_ENV,selection_6,base,801720.SI,1,0,-8757.56,-0.0531447036469548
BASE_ENV,selection_6,base,801730.SI,4,1,-22994.89,-0.023008880000931146
BASE_ENV,selection_6,base,801750.SI,1,1,5182.26,0.0319882305019696
BASE_ENV,selection_6,base,801880.SI,2,0,-7155.66,-0.021313466558516903
BASE_ENV,selection_6,base,801890.SI,3,2,-3317.44,-0.006335414530853067
BASE_ENV,selection_6,base,801950.SI,1,1,10008.59,0.0601971496814214
BASE_ENV,selection_6,base,801960.SI,1,1,2459.52,0.0144690686243019
BASE_ENV,selection_6,stress,801010.SI,1,0,-7868.98,-0.0470622022870051
BASE_ENV,selection_6,stress,801030.SI,7,5,41988.7,0.028202793639149404
BASE_ENV,selection_6,stress,801050.SI,1,1,6699.62,0.0410335906550802
BASE_ENV,selection_6,stress,801080.SI,3,0,-36130.71,-0.0756532085108405
BASE_ENV,selection_6,stress,801110.SI,1,1,14169.84,0.0869195249834194
BASE_ENV,selection_6,stress,801120.SI,2,1,-456.66,0.0003057901666000502
BASE_ENV,selection_6,stress,801140.SI,1,1,7583.87,0.0469554438817413
BASE_ENV,selection_6,stress,801150.SI,1,1,11643.95,0.0356869746059605
BASE_ENV,selection_6,stress,801170.SI,1,0,-7261.79,-0.043355549067757
BASE_ENV,selection_6,stress,801200.SI,1,0,-10497.66,-0.0321259967437788
BASE_ENV,selection_6,stress,801210.SI,1,1,1037.72,0.0062703903096209
BASE_ENV,selection_6,stress,801710.SI,2,1,5409.49,0.016379121071086553
BASE_ENV,selection_6,stress,801720.SI,1,0,-9021.49,-0.0547025144629994
BASE_ENV,selection_6,stress,801730.SI,4,1,-16327.85,-0.024550668590742723
BASE_ENV,selection_6,stress,801750.SI,1,1,9936.21,0.0612634354669074
BASE_ENV,selection_6,stress,801760.SI,1,0,-16422.7,-0.0496015299163578
BASE_ENV,selection_6,stress,801880.SI,2,0,-7947.45,-0.023650523836180902
BASE_ENV,selection_6,stress,801890.SI,3,2,6426.79,0.0130828053220478
BASE_ENV,selection_6,stress,801950.SI,1,1,9327.48,0.0580808453475788
BASE_ENV,selection_6,stress,801960.SI,1,1,2026.13,0.012459644043553
S01_CONFIRMED,selection_1,base,801010.SI,1,1,6902.32,0.0400556179723117
S01_CONFIRMED,selection_1,base,801720.SI,1,1,15442.72,0.0442840012047485
S01_CONFIRMED,selection_1,base,801730.SI,2,2,13870.18,0.04121187901935975
S01_CONFIRMED,selection_1,base,801750.SI,1,1,10458.42,0.062973141389979
S01_CONFIRMED,selection_1,base,801770.SI,1,1,10634.71,0.0641807587054505
S01_CONFIRMED,selection_1,base,801780.SI,1,0,-13840.72,-0.0389745441039214
S01_CONFIRMED,selection_1,base,801880.SI,1,1,7721.19,0.0449352482187986
S01_CONFIRMED,selection_1,base,801890.SI,1,0,-6215.23,-0.0362241062593522
S01_CONFIRMED,selection_1,stress,801010.SI,1,1,6352.2,0.0369474460067769
S01_CONFIRMED,selection_1,stress,801720.SI,1,1,14573.9,0.0418429586866997
S01_CONFIRMED,selection_1,stress,801730.SI,2,2,13009.12,0.0386808940150389
S01_CONFIRMED,selection_1,stress,801750.SI,1,1,10123.55,0.0609076350969917
S01_CONFIRMED,selection_1,stress,801770.SI,1,1,10396.76,0.0626996800535815
S01_CONFIRMED,selection_1,stress,801780.SI,1,0,-14674.61,-0.0413675835395095
S01_CONFIRMED,selection_1,stress,801880.SI,1,1,7369.27,0.0428432703618277
S01_CONFIRMED,selection_1,stress,801890.SI,1,0,-6489.16,-0.0377904637134886
S01_CONFIRMED,selection_2,base,801010.SI,1,0,-6664.36,-0.0393543309392894
S01_CONFIRMED,selection_2,base,801030.SI,4,2,4731.47,0.007090957794430277
S01_CONFIRMED,selection_2,base,801050.SI,2,0,-10510.16,-0.0311997775462887
S01_CONFIRMED,selection_2,base,801130.SI,1,1,12638.32,0.0763652649441432
S01_CONFIRMED,selection_2,base,801170.SI,1,0,-9254.0,-0.0547222932318978
S01_CONFIRMED,selection_2,base,801710.SI,1,1,13432.7,0.0807415913836044
S01_CONFIRMED,selection_2,base,801890.SI,2,1,13491.3,0.018293192274704502
S01_CONFIRMED,selection_2,base,801970.SI,1,0,-5334.64,-0.0319731088907363
S01_CONFIRMED,selection_2,stress,801010.SI,1,0,-7177.54,-0.0424745791578238
S01_CONFIRMED,selection_2,stress,801030.SI,4,2,2622.31,0.003897496410469499
S01_CONFIRMED,selection_2,stress,801050.SI,2,0,-11036.55,-0.033041194957001
S01_CONFIRMED,selection_2,stress,801130.SI,1,1,12266.39,0.0740346930775296
S01_CONFIRMED,selection_2,stress,801170.SI,1,0,-9475.67,-0.0563769279917923
S01_CONFIRMED,selection_2,stress,801710.SI,1,1,13142.76,0.0789299964687144
S01_CONFIRMED,selection_2,stress,801890.SI,2,1,12288.96,0.0160807817446669
S01_CONFIRMED,selection_2,stress,801970.SI,1,0,-5959.92,-0.0357629568201504
S01_CONFIRMED,selection_3,base,801030.SI,6,2,7463.9,0.007633163262115213
S01_CONFIRMED,selection_3,base,801040.SI,1,0,-1255.03,-0.0039059109398277
S01_CONFIRMED,selection_3,base,801050.SI,1,0,-647.3,-0.0039033387868316
S01_CONFIRMED,selection_3,base,801110.SI,2,0,-20379.93,-0.03531507388264625
S01_CONFIRMED,selection_3,base,801120.SI,2,0,-11780.29,-0.0364746413821351
S01_CONFIRMED,selection_3,base,801130.SI,1,1,4366.7,0.0266270605376438
S01_CONFIRMED,selection_3,base,801140.SI,1,1,7589.23,0.0470836943294375
S01_CONFIRMED,selection_3,base,801150.SI,1,0,-8170.93,-0.0249104871732452
S01_CONFIRMED,selection_3,base,801160.SI,3,1,-13083.61,-0.026811598098985232
S01_CONFIRMED,selection_3,base,801170.SI,1,0,-13821.2,-0.0394678843269905
S01_CONFIRMED,selection_3,base,801730.SI,3,2,3799.96,0.006634009683229566
S01_CONFIRMED,selection_3,base,801770.SI,1,1,2775.0,0.0166522996825861
S01_CONFIRMED,selection_3,base,801880.SI,1,0,-18031.58,-0.051518289232961
S01_CONFIRMED,selection_3,base,801890.SI,1,1,17879.7,0.1078315548768995
S01_CONFIRMED,selection_3,base,801970.SI,1,1,11921.76,0.0708396678038755
S01_CONFIRMED,selection_3,stress,801030.SI,6,2,5452.99,0.005579227774665897
S01_CONFIRMED,selection_3,stress,801040.SI,1,0,-2131.61,-0.0066844506002257
S01_CONFIRMED,selection_3,stress,801050.SI,1,0,-955.22,-0.0057548074408969
S01_CONFIRMED,selection_3,stress,801110.SI,2,0,-21332.74,-0.03710122585347595
S01_CONFIRMED,selection_3,stress,801120.SI,2,0,-12337.98,-0.03838211700747095
S01_CONFIRMED,selection_3,stress,801130.SI,1,1,4061.12,0.0249234857481274
S01_CONFIRMED,selection_3,stress,801140.SI,1,1,7199.9,0.0452569720276599
S01_CONFIRMED,selection_3,stress,801150.SI,1,0,-8750.49,-0.0268950554995264
S01_CONFIRMED,selection_3,stress,801160.SI,3,1,-15429.22,-0.0298730258780664
S01_CONFIRMED,selection_3,stress,801170.SI,1,0,-14370.66,-0.0412573064712084
S01_CONFIRMED,selection_3,stress,801730.SI,3,2,2769.02,0.004494042004641201
S01_CONFIRMED,selection_3,stress,801770.SI,1,1,2438.57,0.0148150357755984
S01_CONFIRMED,selection_3,stress,801880.SI,1,0,-18759.4,-0.0535420543190668
S01_CONFIRMED,selection_3,stress,801890.SI,1,1,17559.78,0.1058000099294191
S01_CONFIRMED,selection_3,stress,801970.SI,1,1,11561.91,0.0686524532458131
S01_CONFIRMED,selection_4,base,801030.SI,3,0,-45829.88,-0.0439781789610559
S01_CONFIRMED,selection_4,base,801040.SI,1,0,-1978.64,-0.012301161611279
S01_CONFIRMED,selection_4,base,801050.SI,5,5,33999.14,0.037766932973053016
S01_CONFIRMED,selection_4,base,801080.SI,1,0,-3397.58,-0.0105652829711084
S01_CONFIRMED,selection_4,base,801140.SI,3,1,-22037.49,-0.019128983884884102
S01_CONFIRMED,selection_4,base,801150.SI,1,0,-8377.69,-0.0234409984074752
S01_CONFIRMED,selection_4,base,801160.SI,3,2,5810.95,0.012088886884163333
S01_CONFIRMED,selection_4,base,801170.SI,3,2,-11480.73,-0.0050814219644470995
S01_CONFIRMED,selection_4,base,801210.SI,1,1,6970.6,0.0441943959989318
S01_CONFIRMED,selection_4,base,801710.SI,1,1,22625.67,0.0640247357653598
S01_CONFIRMED,selection_4,base,801730.SI,1,1,1038.11,0.0066076332737118
S01_CONFIRMED,selection_4,base,801750.SI,2,1,37288.43,0.05345798477167775
S01_CONFIRMED,selection_4,base,801790.SI,1,1,5938.74,0.0377161541759593
S01_CONFIRMED,selection_4,base,801880.SI,3,2,12743.69,0.022787667642821502
S01_CONFIRMED,selection_4,base,801890.SI,2,1,-4804.73,-0.01587700152455905
S01_CONFIRMED,selection_4,base,801980.SI,1,1,69273.39,0.2183831672552877
S01_CONFIRMED,selection_4,stress,801030.SI,3,0,-47971.0,-0.046451355879349294
S01_CONFIRMED,selection_4,stress,801040.SI,1,0,-2263.38,-0.0141526210530633
S01_CONFIRMED,selection_4,stress,801050.SI,5,4,31106.24,0.03546615667925144
S01_CONFIRMED,selection_4,stress,801080.SI,1,0,-3979.09,-0.0124437518548714
S01_CONFIRMED,selection_4,stress,801140.SI,3,1,-23195.68,-0.0208949419921578
S01_CONFIRMED,selection_4,stress,801150.SI,1,0,-9243.92,-0.0261961401676794
S01_CONFIRMED,selection_4,stress,801160.SI,3,2,4435.34,0.010076539244788468
S01_CONFIRMED,selection_4,stress,801170.SI,3,2,-13032.01,-0.007344902379127667
S01_CONFIRMED,selection_4,stress,801210.SI,1,1,6328.35,0.0401726515930641
S01_CONFIRMED,selection_4,stress,801710.SI,1,1,21516.33,0.0617848731723834
S01_CONFIRMED,selection_4,stress,801730.SI,1,1,714.19,0.0045411787416956
S01_CONFIRMED,selection_4,stress,801750.SI,2,1,35815.75,0.0511732519339577
S01_CONFIRMED,selection_4,stress,801790.SI,1,1,5578.82,0.0353898778511846
S01_CONFIRMED,selection_4,stress,801880.SI,3,2,11540.95,0.020824928651000135
S01_CONFIRMED,selection_4,stress,801890.SI,2,1,-5264.7,-0.0178304215013829
S01_CONFIRMED,selection_4,stress,801980.SI,1,1,67792.12,0.2158549360092437
S01_CONFIRMED,selection_5,base,801010.SI,1,0,-2440.51,-0.0146637443845539
S01_CONFIRMED,selection_5,base,801030.SI,2,0,-7306.76,-0.02180538504086675
S01_CONFIRMED,selection_5,base,801040.SI,1,1,5275.86,0.0308126089289087
S01_CONFIRMED,selection_5,base,801050.SI,1,1,16310.98,0.0983766179523585
S01_CONFIRMED,selection_5,base,801130.SI,2,2,23699.18,0.0700891939036621
S01_CONFIRMED,selection_5,base,801140.SI,1,1,5911.14,0.0355988848074833
S01_CONFIRMED,selection_5,base,801150.SI,2,0,-17208.28,-0.028306606053173252
S01_CONFIRMED,selection_5,base,801160.SI,1,0,-4838.47,-0.0287776172568042
S01_CONFIRMED,selection_5,base,801170.SI,3,2,-1294.83,-0.002506355999692901
S01_CONFIRMED,selection_5,base,801200.SI,1,1,16034.66,0.0954046017349071
S01_CONFIRMED,selection_5,base,801210.SI,1,0,-11335.25,-0.0667027899275653
S01_CONFIRMED,selection_5,base,801710.SI,2,1,15997.75,0.04862424341934379
S01_CONFIRMED,selection_5,base,801730.SI,3,1,-4393.47,-0.008720606280992737
S01_CONFIRMED,selection_5,base,801890.SI,3,0,-21578.49,-0.04208394062443733
S01_CONFIRMED,selection_5,base,801970.SI,1,0,-5960.95,-0.035011326355991
S01_CONFIRMED,selection_5,stress,801010.SI,1,0,-2816.43,-0.0169033494490805
S01_CONFIRMED,selection_5,stress,801030.SI,2,0,-7891.56,-0.023583760056609948
S01_CONFIRMED,selection_5,stress,801040.SI,1,1,4905.1,0.02878701447479
S01_CONFIRMED,selection_5,stress,801050.SI,1,1,16051.05,0.0967330358530048
S01_CONFIRMED,selection_5,stress,801130.SI,2,2,22867.21,0.06781216467389331
S01_CONFIRMED,selection_5,stress,801140.SI,1,1,5572.29,0.0335353877724615
S01_CONFIRMED,selection_5,stress,801150.SI,2,0,-18090.6,-0.0302610143826472
S01_CONFIRMED,selection_5,stress,801160.SI,1,0,-5167.36,-0.0308735273137594
S01_CONFIRMED,selection_5,stress,801170.SI,3,2,-2341.98,-0.004592224029905734
S01_CONFIRMED,selection_5,stress,801200.SI,1,1,15788.73,0.0938726268946078
S01_CONFIRMED,selection_5,stress,801210.SI,1,0,-11782.19,-0.069950046664276
S01_CONFIRMED,selection_5,stress,801710.SI,2,1,15237.78,0.04607587437408515
S01_CONFIRMED,selection_5,stress,801730.SI,3,1,-5430.67,-0.010670135217850568
S01_CONFIRMED,selection_5,stress,801890.SI,3,0,-22429.92,-0.04400432314303753
S01_CONFIRMED,selection_5,stress,801970.SI,1,0,-6320.09,-0.0374314612756022
S01_CONFIRMED,selection_6,base,801010.SI,1,0,-189.42,-0.0011196330450277
S01_CONFIRMED,selection_6,base,801030.SI,4,1,-21464.26,-0.03022779539729805
S01_CONFIRMED,selection_6,base,801040.SI,1,1,1597.16,0.00959390146086
S01_CONFIRMED,selection_6,base,801080.SI,3,2,16843.03,0.033688098315085
S01_CONFIRMED,selection_6,base,801120.SI,1,1,9682.91,0.0278754268041575
S01_CONFIRMED,selection_6,base,801130.SI,1,1,3224.77,0.0188579732519312
S01_CONFIRMED,selection_6,base,801140.SI,2,1,11234.47,0.0344761831016467
S01_CONFIRMED,selection_6,base,801150.SI,1,0,-6749.47,-0.0191499740022236
S01_CONFIRMED,selection_6,base,801170.SI,3,2,2432.34,0.002842494232294534
S01_CONFIRMED,selection_6,base,801710.SI,1,1,7673.42,0.0433509752107912
S01_CONFIRMED,selection_6,base,801750.SI,1,0,-16742.84,-0.0468550404869142
S01_CONFIRMED,selection_6,base,801780.SI,1,0,-3431.88,-0.0197554839502954
S01_CONFIRMED,selection_6,base,801880.SI,4,3,15794.57,0.011492350379219973
S01_CONFIRMED,selection_6,base,801890.SI,1,0,-23166.96,-0.0647818771945223
S01_CONFIRMED,selection_6,base,801960.SI,1,1,12396.45,0.0717912624935195
S01_CONFIRMED,selection_6,base,801970.SI,2,2,14669.98,0.0427848341207875
S01_CONFIRMED,selection_6,stress,801010.SI,1,0,-650.49,-0.0038563031042739
S01_CONFIRMED,selection_6,stress,801030.SI,4,1,-22820.06,-0.03225547672005888
S01_CONFIRMED,selection_6,stress,801040.SI,1,1,1166.06,0.0070627857827986
S01_CONFIRMED,selection_6,stress,801080.SI,3,2,15390.74,0.030932174670209533
S01_CONFIRMED,selection_6,stress,801120.SI,1,1,9142.61,0.0264056946079888
S01_CONFIRMED,selection_6,stress,801130.SI,1,1,2668.11,0.0157584967013947
S01_CONFIRMED,selection_6,stress,801140.SI,2,1,10464.79,0.031760857177375354
S01_CONFIRMED,selection_6,stress,801150.SI,1,0,-7970.71,-0.022717070776952
S01_CONFIRMED,selection_6,stress,801170.SI,3,2,994.93,0.0006956136493320003
S01_CONFIRMED,selection_6,stress,801710.SI,1,1,6997.6,0.0398600069346022
S01_CONFIRMED,selection_6,stress,801750.SI,1,0,-17438.68,-0.0487548606530095
S01_CONFIRMED,selection_6,stress,801780.SI,1,0,-4016.75,-0.0234409513288409
S01_CONFIRMED,selection_6,stress,801880.SI,4,3,13804.14,0.0093001945359878
S01_CONFIRMED,selection_6,stress,801890.SI,1,0,-23593.21,-0.0663710971284101
S01_CONFIRMED,selection_6,stress,801960.SI,1,1,11862.51,0.0692753619295167
S01_CONFIRMED,selection_6,stress,801970.SI,2,2,13621.84,0.04025202366874295
S01_STRICT,selection_1,base,801200.SI,1,1,15829.75,0.0951481148354302
S01_STRICT,selection_1,base,801730.SI,1,1,16369.42,0.098452301447691
S01_STRICT,selection_1,stress,801200.SI,1,1,15555.81,0.0934245849714065
S01_STRICT,selection_1,stress,801730.SI,1,1,15843.55,0.0951389714562969
S01_STRICT,selection_2,base,801890.SI,1,1,14305.64,0.0430035161805327
S01_STRICT,selection_2,stress,801890.SI,1,1,13627.8,0.0409241768498131
S01_STRICT,selection_3,base,801730.SI,3,2,6446.77,0.012754254716164933
S01_STRICT,selection_3,base,801890.SI,1,0,-15604.95,-0.0468038997596122
S01_STRICT,selection_3,stress,801730.SI,3,2,5443.03,0.0107291069026137
S01_STRICT,selection_3,stress,801890.SI,1,0,-16388.87,-0.0492138750055553
S01_STRICT,selection_4,base,801030.SI,1,0,-3959.39,-0.0242981150717549
S01_STRICT,selection_4,base,801040.SI,1,0,-2018.2,-0.0123010841191309
S01_STRICT,selection_4,base,801050.SI,1,0,-893.95,-0.0055753506820426
S01_STRICT,selection_4,base,801080.SI,1,0,-3464.66,-0.0105653511579709
S01_STRICT,selection_4,base,801140.SI,1,0,-24741.04,-0.0743065238715891
S01_STRICT,selection_4,base,801710.SI,1,0,-1457.32,-0.0088990799077312
S01_STRICT,selection_4,base,801750.SI,1,1,4340.81,0.0267755805885876
S01_STRICT,selection_4,base,801760.SI,1,1,4832.74,0.0300282316601702
S01_STRICT,selection_4,base,801880.SI,1,0,-14928.83,-0.0462208477004332
S01_STRICT,selection_4,stress,801030.SI,1,0,-4319.29,-0.0264775052864101
S01_STRICT,selection_4,stress,801040.SI,1,0,-2308.94,-0.0141525509333448
S01_STRICT,selection_4,stress,801050.SI,1,0,-1153.87,-0.0071905773132415
S01_STRICT,selection_4,stress,801080.SI,1,0,-4058.15,-0.0124437678544833
S01_STRICT,selection_4,stress,801140.SI,1,0,-25276.91,-0.0758548662598952
S01_STRICT,selection_4,stress,801710.SI,1,0,-1959.48,-0.0119939306847175
S01_STRICT,selection_4,stress,801750.SI,1,1,3968.92,0.0244535727026332
S01_STRICT,selection_4,stress,801760.SI,1,1,4486.82,0.0278489131815801
S01_STRICT,selection_4,stress,801880.SI,1,0,-15342.24,-0.0476651005861733
S01_STRICT,selection_5,base,801130.SI,1,1,9256.3,0.0557066501991526
S01_STRICT,selection_5,stress,801130.SI,1,1,8836.4,0.053112443016102
S01_STRICT,selection_6,base,801730.SI,1,1,3051.58,0.0183897220811232
S01_STRICT,selection_6,base,801880.SI,1,1,566.62,0.0034336206864162
S01_STRICT,selection_6,stress,801730.SI,1,1,2727.66,0.0164216477782136
S01_STRICT,selection_6,stress,801880.SI,1,1,190.71,0.001154354600107
S02_CONFIRMED,selection_1,base,801010.SI,1,0,-20727.11,-0.05173859554684
S02_CONFIRMED,selection_1,base,801080.SI,1,1,18835.23,0.1113736900299029
S02_CONFIRMED,selection_1,base,801120.SI,2,1,-6930.39,-0.01691132131987745
S02_CONFIRMED,selection_1,base,801160.SI,1,0,-38359.38,-0.0971452190268824
S02_CONFIRMED,selection_1,base,801710.SI,2,0,-16633.15,-0.0412982881317069
S02_CONFIRMED,selection_1,base,801730.SI,1,1,9676.94,0.0490172231492401
S02_CONFIRMED,selection_1,base,801750.SI,1,1,8680.29,0.0515520386784161
S02_CONFIRMED,selection_1,base,801770.SI,3,1,70578.68,0.06271960217257906
S02_CONFIRMED,selection_1,base,801790.SI,3,3,29962.86,0.06083381831948614
S02_CONFIRMED,selection_1,base,801880.SI,4,2,61735.03,0.06834504645284006
S02_CONFIRMED,selection_1,base,801890.SI,1,0,-10115.43,-0.0506881951635545
S02_CONFIRMED,selection_1,stress,801010.SI,1,0,-21293.17,-0.0539288279892561
S02_CONFIRMED,selection_1,stress,801080.SI,1,1,18495.31,0.109253869128877
S02_CONFIRMED,selection_1,stress,801120.SI,2,1,-7824.29,-0.018829941041356102
S02_CONFIRMED,selection_1,stress,801160.SI,1,1,16687.79,0.0428225001710945
S02_CONFIRMED,selection_1,stress,801710.SI,2,0,-17659.32,-0.044340980564363947
S02_CONFIRMED,selection_1,stress,801730.SI,1,1,8798.14,0.0450714017899895
S02_CONFIRMED,selection_1,stress,801750.SI,1,1,22229.55,0.1321896211980071
S02_CONFIRMED,selection_1,stress,801770.SI,2,0,-8268.39,-0.021921116160672
S02_CONFIRMED,selection_1,stress,801790.SI,3,3,28853.14,0.05851350596359143
S02_CONFIRMED,selection_1,stress,801880.SI,5,3,115043.2,0.08510209100596873
S02_CONFIRMED,selection_1,stress,801890.SI,1,0,-10276.48,-0.0521518827772188
S02_CONFIRMED,selection_2,base,801010.SI,1,1,2209.76,0.0132809601987095
S02_CONFIRMED,selection_2,base,801050.SI,3,0,-20597.19,-0.03376419230906737
S02_CONFIRMED,selection_2,base,801110.SI,1,0,-19065.43,-0.0591984141082366
S02_CONFIRMED,selection_2,base,801160.SI,1,0,-7515.24,-0.0456850773776545
S02_CONFIRMED,selection_2,base,801720.SI,1,0,-13679.59,-0.0434634838920072
S02_CONFIRMED,selection_2,base,801750.SI,1,0,-6123.41,-0.0389023128776648
S02_CONFIRMED,selection_2,base,801760.SI,1,0,-3683.52,-0.0223724943291637
S02_CONFIRMED,selection_2,base,801780.SI,3,0,-8046.52,-0.0161952157602812
S02_CONFIRMED,selection_2,base,801880.SI,1,0,-5985.64,-0.0371617493818833
S02_CONFIRMED,selection_2,base,801890.SI,1,0,-5724.91,-0.0345750302634411
S02_CONFIRMED,selection_2,stress,801010.SI,1,1,1773.86,0.0106471863399863
S02_CONFIRMED,selection_2,stress,801050.SI,3,0,-21759.68,-0.03577303265267764
S02_CONFIRMED,selection_2,stress,801110.SI,1,0,-19620.38,-0.0613648715558342
S02_CONFIRMED,selection_2,stress,801160.SI,1,0,-7989.41,-0.0486853794016752
S02_CONFIRMED,selection_2,stress,801720.SI,1,0,-14279.42,-0.0455866222985676
S02_CONFIRMED,selection_2,stress,801750.SI,1,0,-6460.4,-0.0412163611421916
S02_CONFIRMED,selection_2,stress,801760.SI,1,0,-4075.52,-0.024843030367903
S02_CONFIRMED,selection_2,stress,801780.SI,3,0,-9100.47,-0.018379141528922564
S02_CONFIRMED,selection_2,stress,801880.SI,1,0,-6317.55,-0.039182013790099
S02_CONFIRMED,selection_2,stress,801890.SI,1,0,-6252.78,-0.0377029173304454
S02_CONFIRMED,selection_3,base,801010.SI,1,0,-4364.12,-0.0260588194198549
S02_CONFIRMED,selection_3,base,801030.SI,3,1,-4068.01,-0.007840808269289401
S02_CONFIRMED,selection_3,base,801040.SI,1,1,3200.96,0.0192379766852762
S02_CONFIRMED,selection_3,base,801130.SI,1,0,-19486.71,-0.0595782905915591
S02_CONFIRMED,selection_3,base,801140.SI,1,0,-7141.83,-0.0426530977773575
S02_CONFIRMED,selection_3,base,801160.SI,2,1,1879.93,0.007067692700601702
S02_CONFIRMED,selection_3,base,801170.SI,2,2,10329.55,0.03100437450500485
S02_CONFIRMED,selection_3,base,801710.SI,2,2,15315.34,0.04601351348269915
S02_CONFIRMED,selection_3,base,801770.SI,1,0,-3446.46,-0.0207351375950125
S02_CONFIRMED,selection_3,base,801780.SI,5,1,-23791.0,-0.0209178465495995
S02_CONFIRMED,selection_3,base,801890.SI,4,2,1273.89,0.010047652174595748
S02_CONFIRMED,selection_3,base,801950.SI,1,1,1573.96,0.004632055503912
S02_CONFIRMED,selection_3,base,801960.SI,1,0,-5401.1,-0.0326300591287289
S02_CONFIRMED,selection_3,base,801980.SI,1,0,-18811.09,-0.057540113933224
S02_CONFIRMED,selection_3,stress,801010.SI,1,0,-4782.17,-0.0286478028808888
S02_CONFIRMED,selection_3,stress,801030.SI,3,1,-4934.1,-0.00952717586602
S02_CONFIRMED,selection_3,stress,801040.SI,1,1,2749.06,0.0164996095157635
S02_CONFIRMED,selection_3,stress,801130.SI,1,0,-19917.19,-0.061427026548238
S02_CONFIRMED,selection_3,stress,801140.SI,1,0,-7446.71,-0.0446845541856572
S02_CONFIRMED,selection_3,stress,801160.SI,2,1,1140.42,0.004965788882752151
S02_CONFIRMED,selection_3,stress,801170.SI,2,2,9533.24,0.02862697414448865
S02_CONFIRMED,selection_3,stress,801710.SI,2,2,14386.34,0.0434662578213045
S02_CONFIRMED,selection_3,stress,801770.SI,1,0,-3948.32,-0.0237186793731134
S02_CONFIRMED,selection_3,stress,801780.SI,5,1,-25380.95,-0.02271299326755242
S02_CONFIRMED,selection_3,stress,801890.SI,4,2,-161.37,0.008171871270320298
S02_CONFIRMED,selection_3,stress,801950.SI,1,1,269.05,0.0007939317821235
S02_CONFIRMED,selection_3,stress,801960.SI,1,0,-5900.27,-0.0357264780063939
S02_CONFIRMED,selection_3,stress,801980.SI,1,0,-19311.31,-0.0594571642808545
S02_CONFIRMED,selection_4,base,801030.SI,5,2,8893.16,0.0019426845182381608
S02_CONFIRMED,selection_4,base,801050.SI,8,3,28003.52,0.0027142667119242877
S02_CONFIRMED,selection_4,base,801080.SI,4,4,25863.41,0.040339941405073826
S02_CONFIRMED,selection_4,base,801140.SI,1,0,-3205.36,-0.0197391011755177
S02_CONFIRMED,selection_4,base,801150.SI,5,1,-24483.63,-0.021962873003045398
S02_CONFIRMED,selection_4,base,801710.SI,1,0,-3674.27,-0.0232292888554011
S02_CONFIRMED,selection_4,base,801750.SI,1,0,-6570.99,-0.0204350009088629
S02_CONFIRMED,selection_4,base,801780.SI,1,0,-15912.08,-0.0478053928910866
S02_CONFIRMED,selection_4,base,801790.SI,5,2,-5452.81,-0.007256495220529518
S02_CONFIRMED,selection_4,base,801880.SI,1,1,7973.81,0.0497139850255963
S02_CONFIRMED,selection_4,base,801890.SI,5,3,24797.05,0.015515629861677621
S02_CONFIRMED,selection_4,stress,801030.SI,5,1,-15907.69,-0.014377435568908841
S02_CONFIRMED,selection_4,stress,801050.SI,8,3,24191.37,0.0006639943351824749
S02_CONFIRMED,selection_4,stress,801080.SI,5,4,30628.0,0.03787798384806334
S02_CONFIRMED,selection_4,stress,801140.SI,1,0,-3561.28,-0.0219068900579573
S02_CONFIRMED,selection_4,stress,801150.SI,5,1,-27064.2,-0.024086008487136098
S02_CONFIRMED,selection_4,stress,801710.SI,1,0,-3924.21,-0.0247898502998059
S02_CONFIRMED,selection_4,stress,801750.SI,1,0,-7425.17,-0.0231638910877183
S02_CONFIRMED,selection_4,stress,801780.SI,1,0,-16559.92,-0.0497033318051085
S02_CONFIRMED,selection_4,stress,801790.SI,5,2,-10080.29,-0.0129093737414186
S02_CONFIRMED,selection_4,stress,801880.SI,1,1,7528.82,0.0471109131544711
S02_CONFIRMED,selection_4,stress,801890.SI,6,4,42957.05,0.02257020269301323
S02_CONFIRMED,selection_5,base,801040.SI,2,1,-34.73,0.0006807412127093002
S02_CONFIRMED,selection_5,base,801120.SI,2,1,3743.65,0.01207893066707375
S02_CONFIRMED,selection_5,base,801130.SI,1,0,-4055.34,-0.0243494337745224
S02_CONFIRMED,selection_5,base,801140.SI,2,0,-12903.94,-0.0399674430786743
S02_CONFIRMED,selection_5,base,801150.SI,2,0,-13752.09,-0.0431363093437207
S02_CONFIRMED,selection_5,base,801160.SI,4,1,-14953.48,-0.023611542061688823
S02_CONFIRMED,selection_5,base,801170.SI,1,0,-9121.12,-0.0553953316822449
S02_CONFIRMED,selection_5,base,801710.SI,1,0,-4801.44,-0.0298365317927552
S02_CONFIRMED,selection_5,base,801720.SI,1,0,-1615.88,-0.0102187454546604
S02_CONFIRMED,selection_5,base,801730.SI,4,1,-19588.49,-0.0297203838710914
S02_CONFIRMED,selection_5,base,801780.SI,4,2,-6645.73,-0.010272583897110825
S02_CONFIRMED,selection_5,base,801890.SI,1,1,11057.23,0.067409461989554
S02_CONFIRMED,selection_5,base,801950.SI,2,2,7100.71,0.021472447873882698
S02_CONFIRMED,selection_5,base,801970.SI,1,0,-3063.96,-0.0186160499543676
S02_CONFIRMED,selection_5,stress,801040.SI,2,1,-537.23,-0.0010392136315482518
S02_CONFIRMED,selection_5,stress,801120.SI,2,1,2780.71,0.008950181663562951
S02_CONFIRMED,selection_5,stress,801130.SI,1,0,-4357.17,-0.0264344738197895
S02_CONFIRMED,selection_5,stress,801140.SI,2,0,-13691.69,-0.042340895845270246
S02_CONFIRMED,selection_5,stress,801150.SI,2,0,-14548.56,-0.04499373653691005
S02_CONFIRMED,selection_5,stress,801160.SI,7,3,-1466.13,-0.001526550626388871
S02_CONFIRMED,selection_5,stress,801170.SI,1,0,-9465.02,-0.0574239378626376
S02_CONFIRMED,selection_5,stress,801710.SI,1,0,-5010.96,-0.0313652518682378
S02_CONFIRMED,selection_5,stress,801730.SI,4,1,-21015.27,-0.032032610798911156
S02_CONFIRMED,selection_5,stress,801780.SI,3,1,-8745.0,-0.0177587411235711
S02_CONFIRMED,selection_5,stress,801890.SI,1,1,10697.31,0.0651437307233399
S02_CONFIRMED,selection_5,stress,801950.SI,1,1,6214.67,0.0375823862956034
S02_CONFIRMED,selection_5,stress,801960.SI,1,1,2899.32,0.0182180663559569
S02_CONFIRMED,selection_5,stress,801970.SI,1,0,-3574.12,-0.0217642333093756
S02_CONFIRMED,selection_6,base,801030.SI,7,4,20784.84,0.010512375606261304
S02_CONFIRMED,selection_6,base,801040.SI,1,1,5109.97,0.0306395935786949
S02_CONFIRMED,selection_6,base,801140.SI,2,0,-14335.19,-0.04263901647873945
S02_CONFIRMED,selection_6,base,801160.SI,1,0,-1570.54,-0.0091751592905542
S02_CONFIRMED,selection_6,base,801210.SI,3,1,-6861.57,-0.014356919020753069
S02_CONFIRMED,selection_6,base,801710.SI,4,2,8941.45,0.013045111362959176
S02_CONFIRMED,selection_6,base,801720.SI,1,0,-3405.54,-0.0207055213325164
S02_CONFIRMED,selection_6,base,801730.SI,4,3,21300.73,0.024449161885427652
S02_CONFIRMED,selection_6,base,801780.SI,1,0,-4982.46,-0.0290029922363911
S02_CONFIRMED,selection_6,base,801880.SI,5,1,-25550.31,-0.03143057699233118
S02_CONFIRMED,selection_6,base,801890.SI,4,4,24377.88,0.027638895291300203
S02_CONFIRMED,selection_6,base,801950.SI,1,1,11989.47,0.0704066979871896
S02_CONFIRMED,selection_6,base,801960.SI,2,2,23836.03,0.06927077548764721
S02_CONFIRMED,selection_6,base,801970.SI,1,0,-11101.85,-0.0648400359165621
S02_CONFIRMED,selection_6,stress,801030.SI,6,3,10345.42,0.0022413615582357973
S02_CONFIRMED,selection_6,stress,801040.SI,1,1,4740.16,0.0285600944355245
S02_CONFIRMED,selection_6,stress,801140.SI,2,0,-14800.48,-0.044176269534250995
S02_CONFIRMED,selection_6,stress,801160.SI,1,0,-2099.34,-0.0123792379492687
S02_CONFIRMED,selection_6,stress,801210.SI,3,1,-8067.4,-0.0166442465239309
S02_CONFIRMED,selection_6,stress,801710.SI,4,1,1945.14,0.002834563598744899
S02_CONFIRMED,selection_6,stress,801720.SI,1,0,-3885.68,-0.0236846731331271
S02_CONFIRMED,selection_6,stress,801730.SI,4,3,18382.35,0.022018077595525598
S02_CONFIRMED,selection_6,stress,801780.SI,1,0,-4912.11,-0.0289573517632846
S02_CONFIRMED,selection_6,stress,801880.SI,5,1,-27425.17,-0.03375932665720884
S02_CONFIRMED,selection_6,stress,801890.SI,5,5,24901.15,0.023230417141905598
S02_CONFIRMED,selection_6,stress,801950.SI,1,1,11347.35,0.0678329120134975
S02_CONFIRMED,selection_6,stress,801960.SI,2,2,22854.76,0.06720119810233435
S02_CONFIRMED,selection_6,stress,801970.SI,1,0,-11279.77,-0.0669056258517221
S02_STRICT,selection_3,base,801890.SI,1,0,-10780.12,-0.0323977247072756
S02_STRICT,selection_3,stress,801890.SI,1,0,-11451.95,-0.0343820608202457
S02_STRICT,selection_4,base,801050.SI,1,1,5473.63,0.0335290059288606
S02_STRICT,selection_4,base,801760.SI,1,0,-5839.25,-0.0351807740812601
S02_STRICT,selection_4,base,801780.SI,1,1,6225.56,0.0374263676153071
S02_STRICT,selection_4,base,801790.SI,2,1,2373.96,0.00731853151198965
S02_STRICT,selection_4,base,801880.SI,1,1,3101.45,0.0092421689644721
S02_STRICT,selection_4,stress,801050.SI,1,1,9499.2,0.0581333439083731
S02_STRICT,selection_4,stress,801760.SI,1,0,-6085.19,-0.0366353749527096
S02_STRICT,selection_4,stress,801780.SI,1,1,5880.68,0.0353237294733847
S02_STRICT,selection_4,stress,801790.SI,2,1,-1597.73,-0.004446284490926251
S02_STRICT,selection_4,stress,801880.SI,1,1,2391.79,0.0071611870542035
S02_STRICT,selection_5,base,801160.SI,1,0,-5540.22,-0.0332507020180814
S02_STRICT,selection_5,stress,801160.SI,1,0,-5853.17,-0.0354666341560246
S02_STRICT,selection_6,base,801730.SI,1,0,-651.69,-0.0039215792466625
S02_STRICT,selection_6,base,801880.SI,2,1,1298.92,0.00392904415637425
S02_STRICT,selection_6,stress,801730.SI,1,0,-1117.57,-0.0067156182034914
S02_STRICT,selection_6,stress,801880.SI,2,1,366.9,0.0011103516255317495
S03_CONFIRMED,selection_2,base,801890.SI,1,0,-2835.83,-0.0170722594792239
S03_CONFIRMED,selection_2,base,801950.SI,1,0,-5060.54,-0.0307125516633472
S03_CONFIRMED,selection_2,base,801980.SI,1,1,8131.05,0.0494228725289171
S03_CONFIRMED,selection_2,stress,801890.SI,1,0,-3243.73,-0.0195039382113832
S03_CONFIRMED,selection_2,stress,801950.SI,1,0,-5380.45,-0.0326224082285021
S03_CONFIRMED,selection_2,stress,801980.SI,1,1,7839.13,0.0476062366961783
S03_CONFIRMED,selection_3,base,801150.SI,3,3,22114.39,0.044514828394032036
S03_CONFIRMED,selection_3,base,801720.SI,1,0,-3142.0,-0.0188728443016173
S03_CONFIRMED,selection_3,stress,801150.SI,3,3,19529.66,0.03925264408479797
S03_CONFIRMED,selection_3,stress,801720.SI,1,0,-3489.92,-0.0209407785407903
S03_CONFIRMED,selection_4,base,801030.SI,2,1,1421.44,0.0043364446267113495
S03_CONFIRMED,selection_4,base,801140.SI,1,0,-904.65,-0.0054683018923352
S03_CONFIRMED,selection_4,base,801150.SI,2,1,2412.46,0.0073337324796406995
S03_CONFIRMED,selection_4,base,801170.SI,1,0,-1619.64,-0.0097605464903246
S03_CONFIRMED,selection_4,base,801740.SI,1,1,1643.9,0.0099706986767398
S03_CONFIRMED,selection_4,base,801750.SI,1,0,-6841.09,-0.0410748931772624
S03_CONFIRMED,selection_4,base,801890.SI,1,0,-11697.46,-0.035336919611201
S03_CONFIRMED,selection_4,base,801950.SI,1,1,863.02,0.005191237634554
S03_CONFIRMED,selection_4,base,801960.SI,1,1,395.43,0.0023790628033954
S03_CONFIRMED,selection_4,stress,801030.SI,2,1,763.6,0.0023415922830133003
S03_CONFIRMED,selection_4,stress,801140.SI,1,0,-1192.59,-0.0072025298811469
S03_CONFIRMED,selection_4,stress,801150.SI,2,1,1663.68,0.0050604545770830504
S03_CONFIRMED,selection_4,stress,801170.SI,1,0,-2185.86,-0.0131960247115916
S03_CONFIRMED,selection_4,stress,801740.SI,1,1,1278.02,0.0077429408113541
S03_CONFIRMED,selection_4,stress,801750.SI,1,0,-7172.03,-0.0432478831419588
S03_CONFIRMED,selection_4,stress,801890.SI,1,0,-12294.75,-0.0372633392661897
S03_CONFIRMED,selection_4,stress,801950.SI,1,1,527.1,0.0031674099654252
S03_CONFIRMED,selection_4,stress,801960.SI,1,0,-185.13,-0.0011195624750089
S03_CONFIRMED,selection_5,base,801010.SI,1,1,1877.3,0.011299745167362
S03_CONFIRMED,selection_5,base,801050.SI,1,1,6072.22,0.0364164926670684
S03_CONFIRMED,selection_5,base,801150.SI,1,1,5035.24,0.030226862349708
S03_CONFIRMED,selection_5,base,801760.SI,1,0,-965.74,-0.0058019275034817
S03_CONFIRMED,selection_5,stress,801010.SI,1,1,1287.46,0.0077356717839049
S03_CONFIRMED,selection_5,stress,801050.SI,1,1,5789.94,0.0350011842492313
S03_CONFIRMED,selection_5,stress,801150.SI,1,1,4723.32,0.0283278500696423
S03_CONFIRMED,selection_5,stress,801760.SI,1,0,-1225.68,-0.0073578341141217
S03_CONFIRMED,selection_6,base,801010.SI,2,0,-7351.42,-0.022400638068269398
S03_CONFIRMED,selection_6,base,801030.SI,1,1,1740.37,0.0105860022584752
S03_CONFIRMED,selection_6,base,801040.SI,1,0,-10063.53,-0.0613915123978336
S03_CONFIRMED,selection_6,base,801110.SI,1,0,-11529.83,-0.0351861897204457
S03_CONFIRMED,selection_6,base,801130.SI,1,1,1416.2,0.0085939644300169
S03_CONFIRMED,selection_6,base,801140.SI,3,1,-10237.81,-0.020728401425464702
S03_CONFIRMED,selection_6,base,801710.SI,1,1,18266.34,0.112550031488899
S03_CONFIRMED,selection_6,base,801730.SI,1,0,-5106.78,-0.0307775625940859
S03_CONFIRMED,selection_6,base,801890.SI,2,1,-8493.23,-0.026043756849568448
S03_CONFIRMED,selection_6,stress,801010.SI,2,0,-8067.23,-0.0245566684376314
S03_CONFIRMED,selection_6,stress,801030.SI,1,1,1312.47,0.0079728693910265
S03_CONFIRMED,selection_6,stress,801040.SI,1,0,-10372.5,-0.0631969100564638
S03_CONFIRMED,selection_6,stress,801110.SI,1,0,-11971.01,-0.0367794591669691
S03_CONFIRMED,selection_6,stress,801130.SI,1,1,879.02,0.0053455701738809
S03_CONFIRMED,selection_6,stress,801140.SI,3,1,-11344.69,-0.0229471777480806
S03_CONFIRMED,selection_6,stress,801710.SI,1,1,17448.75,0.1103981082798945
S03_CONFIRMED,selection_6,stress,801730.SI,1,0,-5500.7,-0.0331123156841867
S03_CONFIRMED,selection_6,stress,801890.SI,2,1,-8762.33,-0.0282210665643634
S03_STRICT,selection_6,base,801730.SI,1,0,-5106.78,-0.0307775625940859
S03_STRICT,selection_6,stress,801730.SI,1,0,-5500.7,-0.0331123156841867
S04_CONFIRMED,selection_1,base,801030.SI,2,1,10859.45,0.02976378620096475
S04_CONFIRMED,selection_1,base,801080.SI,1,1,25185.51,0.1516601345035867
S04_CONFIRMED,selection_1,base,801730.SI,1,1,6720.48,0.0370837972155589
S04_CONFIRMED,selection_1,base,801740.SI,1,1,18195.96,0.1100363055295723
S04_CONFIRMED,selection_1,base,801750.SI,1,1,35498.43,0.104462048009879
S04_CONFIRMED,selection_1,base,801880.SI,1,1,12447.21,0.0747115129057204
S04_CONFIRMED,selection_1,stress,801030.SI,2,1,9983.43,0.027434162236490398
S04_CONFIRMED,selection_1,stress,801080.SI,1,1,24909.57,0.149873910605137
S04_CONFIRMED,selection_1,stress,801730.SI,1,1,6382.57,0.0351863777039945
S04_CONFIRMED,selection_1,stress,801740.SI,1,1,17860.04,0.1078952504991654
S04_CONFIRMED,selection_1,stress,801750.SI,1,1,34746.63,0.1021366622316929
S04_CONFIRMED,selection_1,stress,801880.SI,1,1,11956.23,0.0720009929153012
S04_CONFIRMED,selection_2,base,801010.SI,1,0,-8342.98,-0.049269818127616
S04_CONFIRMED,selection_2,base,801030.SI,3,1,-13823.67,-0.027719153513865
S04_CONFIRMED,selection_2,base,801130.SI,1,1,6720.32,0.040436233231345
S04_CONFIRMED,selection_2,base,801140.SI,1,0,-5941.17,-0.0357963394183963
S04_CONFIRMED,selection_2,base,801170.SI,2,1,-2267.62,-0.0067681693291959995
S04_CONFIRMED,selection_2,base,801880.SI,1,1,3234.27,0.0197934965248606
S04_CONFIRMED,selection_2,base,801890.SI,1,1,17438.71,0.104422312675028
S04_CONFIRMED,selection_2,base,801960.SI,1,0,-4541.93,-0.0268419017171753
S04_CONFIRMED,selection_2,stress,801010.SI,1,0,-8608.76,-0.0511108291661518
S04_CONFIRMED,selection_2,stress,801030.SI,3,1,-14885.5,-0.029824513987796366
S04_CONFIRMED,selection_2,stress,801130.SI,1,1,6208.45,0.0372988348924053
S04_CONFIRMED,selection_2,stress,801140.SI,1,0,-6261.08,-0.0376874990820523
S04_CONFIRMED,selection_2,stress,801170.SI,2,0,-3037.45,-0.0090575313041407
S04_CONFIRMED,selection_2,stress,801880.SI,1,1,2874.35,0.0175714494436079
S04_CONFIRMED,selection_2,stress,801890.SI,1,1,17018.84,0.1017801253523823
S04_CONFIRMED,selection_2,stress,801960.SI,1,0,-5005.04,-0.0296590920538564
S04_CONFIRMED,selection_3,base,801030.SI,4,2,12206.28,0.017244315728009427
S04_CONFIRMED,selection_3,base,801050.SI,3,1,1011.61,-0.0008710899186718997
S04_CONFIRMED,selection_3,base,801110.SI,1,1,50402.49,0.149948426537097
S04_CONFIRMED,selection_3,base,801150.SI,3,1,-11597.97,-0.013800064005986367
S04_CONFIRMED,selection_3,base,801170.SI,1,1,5625.5,0.01616625932272
S04_CONFIRMED,selection_3,base,801210.SI,1,1,10788.16,0.0656645844582365
S04_CONFIRMED,selection_3,base,801710.SI,2,0,-10671.96,-0.03028467488881175
S04_CONFIRMED,selection_3,base,801760.SI,2,1,-9395.33,-0.0131761848059734
S04_CONFIRMED,selection_3,base,801880.SI,2,0,-5490.59,-0.0182128354596371
S04_CONFIRMED,selection_3,base,801960.SI,1,0,-7031.74,-0.0409457180154195
S04_CONFIRMED,selection_3,stress,801030.SI,4,2,10676.89,0.0151043171566522
S04_CONFIRMED,selection_3,stress,801050.SI,3,1,-351.54,-0.0028229150730960336
S04_CONFIRMED,selection_3,stress,801110.SI,1,1,49310.47,0.1475232471056056
S04_CONFIRMED,selection_3,stress,801150.SI,3,1,-12678.25,-0.015394604997288466
S04_CONFIRMED,selection_3,stress,801170.SI,1,1,4743.56,0.0136785795634427
S04_CONFIRMED,selection_3,stress,801210.SI,1,1,10472.24,0.0636804046653462
S04_CONFIRMED,selection_3,stress,801710.SI,2,0,-11274.88,-0.03206392477039355
S04_CONFIRMED,selection_3,stress,801760.SI,2,1,-11189.84,-0.01579349131945025
S04_CONFIRMED,selection_3,stress,801880.SI,2,0,-6161.6,-0.02039470662763805
S04_CONFIRMED,selection_3,stress,801960.SI,1,0,-7361.64,-0.043053298343946
S04_CONFIRMED,selection_4,base,801030.SI,7,3,20699.34,0.027694940905170183
S04_CONFIRMED,selection_4,base,801050.SI,1,0,-8027.01,-0.0501031617009337
S04_CONFIRMED,selection_4,base,801080.SI,1,1,7073.07,0.0442297533163544
S04_CONFIRMED,selection_4,base,801140.SI,2,0,-27755.32,-0.046296415681388155
S04_CONFIRMED,selection_4,base,801150.SI,3,3,12202.96,0.02454173440641617
S04_CONFIRMED,selection_4,base,801170.SI,1,1,10103.69,0.06285819976904
S04_CONFIRMED,selection_4,base,801730.SI,5,2,-19810.96,-0.01378887375802482
S04_CONFIRMED,selection_4,base,801750.SI,1,0,-7506.35,-0.0451179877137655
S04_CONFIRMED,selection_4,base,801760.SI,1,1,4046.15,0.0120721184174224
S04_CONFIRMED,selection_4,base,801790.SI,1,1,4454.96,0.0263544115107637
S04_CONFIRMED,selection_4,base,801890.SI,10,8,59645.86,0.03228913582532982
S04_CONFIRMED,selection_4,base,801960.SI,1,0,-32894.55,-0.0972006968760341
S04_CONFIRMED,selection_4,base,801970.SI,2,0,-5079.87,-0.011813467420644548
S04_CONFIRMED,selection_4,stress,801030.SI,6,1,-11415.54,0.010363757447045452
S04_CONFIRMED,selection_4,stress,801050.SI,1,0,-8334.94,-0.0519752320491003
S04_CONFIRMED,selection_4,stress,801080.SI,1,1,5517.05,0.0346397448950633
S04_CONFIRMED,selection_4,stress,801140.SI,2,0,-28588.0,-0.0481330961542173
S04_CONFIRMED,selection_4,stress,801150.SI,3,3,10933.3,0.022380185943636968
S04_CONFIRMED,selection_4,stress,801170.SI,1,1,9771.77,0.0607304846054976
S04_CONFIRMED,selection_4,stress,801730.SI,5,2,-21907.89,-0.015918955110388596
S04_CONFIRMED,selection_4,stress,801750.SI,1,0,-7742.61,-0.0474411318603926
S04_CONFIRMED,selection_4,stress,801760.SI,1,1,3262.89,0.0099497576711695
S04_CONFIRMED,selection_4,stress,801790.SI,1,1,3722.62,0.0223834136825382
S04_CONFIRMED,selection_4,stress,801880.SI,1,1,19004.76,0.1184172968575621
S04_CONFIRMED,selection_4,stress,801890.SI,10,8,54983.67,0.030131016348012036
S04_CONFIRMED,selection_4,stress,801960.SI,1,0,-32853.51,-0.0989247948365388
S04_CONFIRMED,selection_4,stress,801970.SI,2,0,-5930.59,-0.01376442896527785
S04_CONFIRMED,selection_5,base,801030.SI,1,0,-6383.43,-0.0387487339068221
S04_CONFIRMED,selection_5,base,801120.SI,1,1,791.48,0.0022690206212314
S04_CONFIRMED,selection_5,base,801130.SI,1,0,-3502.37,-0.0203128462627876
S04_CONFIRMED,selection_5,base,801140.SI,2,1,-2773.38,-0.0083362272115634
S04_CONFIRMED,selection_5,base,801160.SI,3,2,5183.96,0.009849751605970267
S04_CONFIRMED,selection_5,base,801170.SI,4,2,-1164.51,-0.001927088624382501
S04_CONFIRMED,selection_5,base,801200.SI,1,0,-4003.38,-0.0242980956786755
S04_CONFIRMED,selection_5,base,801710.SI,2,1,15770.67,0.04757652690566559
S04_CONFIRMED,selection_5,base,801730.SI,2,0,-3056.58,-0.0088521523682873
S04_CONFIRMED,selection_5,base,801760.SI,2,0,-12978.76,-0.037272787054298
S04_CONFIRMED,selection_5,base,801790.SI,1,1,15640.09,0.0936017917817381
S04_CONFIRMED,selection_5,base,801880.SI,1,1,9949.99,0.0602853773277676
S04_CONFIRMED,selection_5,base,801890.SI,2,1,7324.74,0.0222080244919853
S04_CONFIRMED,selection_5,base,801960.SI,1,1,8026.28,0.0488243451859329
S04_CONFIRMED,selection_5,base,801970.SI,1,1,2287.2,0.0132832049925151
S04_CONFIRMED,selection_5,stress,801030.SI,1,0,-6665.35,-0.0404254364231947
S04_CONFIRMED,selection_5,stress,801120.SI,1,0,-13156.31,-0.0380959129168104
S04_CONFIRMED,selection_5,stress,801130.SI,1,0,-3737.65,-0.0219643761812173
S04_CONFIRMED,selection_5,stress,801140.SI,2,1,-3514.38,-0.010621954107526099
S04_CONFIRMED,selection_5,stress,801160.SI,3,2,3904.92,0.007451183808034368
S04_CONFIRMED,selection_5,stress,801170.SI,4,2,-2876.65,-0.004396370639010752
S04_CONFIRMED,selection_5,stress,801200.SI,1,0,-4343.3,-0.0264775888148052
S04_CONFIRMED,selection_5,stress,801710.SI,2,1,14898.31,0.0457335156104038
S04_CONFIRMED,selection_5,stress,801730.SI,2,0,-3714.17,-0.01083491894075055
S04_CONFIRMED,selection_5,stress,801760.SI,2,0,-13044.41,-0.0386745970246062
S04_CONFIRMED,selection_5,stress,801790.SI,1,1,15033.86,0.0905995711757136
S04_CONFIRMED,selection_5,stress,801880.SI,1,1,9572.07,0.0579292642377585
S04_CONFIRMED,selection_5,stress,801890.SI,2,1,6637.67,0.01990487520185945
S04_CONFIRMED,selection_5,stress,801950.SI,1,0,-10327.08,-0.0300224490709596
S04_CONFIRMED,selection_5,stress,801960.SI,1,1,7630.38,0.0463602035154109
S04_CONFIRMED,selection_5,stress,801970.SI,1,1,1981.61,0.0115780006010994
S04_CONFIRMED,selection_6,base,801010.SI,1,1,5138.37,0.0269722170998996
S04_CONFIRMED,selection_6,base,801030.SI,1,1,26989.15,0.0800144309192376
S04_CONFIRMED,selection_6,base,801040.SI,1,0,-11626.79,-0.0613914769222857
S04_CONFIRMED,selection_6,base,801050.SI,2,1,22727.72,0.0286518262344101
S04_CONFIRMED,selection_6,base,801080.SI,1,0,-15441.96,-0.0443144909018888
S04_CONFIRMED,selection_6,base,801120.SI,2,1,-7471.43,-0.009086249540113
S04_CONFIRMED,selection_6,base,801130.SI,1,1,6369.65,0.0337979883520532
S04_CONFIRMED,selection_6,base,801140.SI,1,0,-7937.38,-0.0412143683742195
S04_CONFIRMED,selection_6,base,801160.SI,2,1,588.51,0.0014628812974942498
S04_CONFIRMED,selection_6,base,801170.SI,1,1,14693.28,0.0430118719930428
S04_CONFIRMED,selection_6,base,801200.SI,2,2,15910.52,0.04789214179064995
S04_CONFIRMED,selection_6,base,801710.SI,1,1,7622.77,0.0433509726254489
S04_CONFIRMED,selection_6,base,801720.SI,1,0,-13533.55,-0.03923633589902
S04_CONFIRMED,selection_6,base,801730.SI,3,3,77181.82,0.08630171155422213
S04_CONFIRMED,selection_6,base,801740.SI,1,1,8843.33,0.0464131426954328
S04_CONFIRMED,selection_6,base,801750.SI,2,2,23704.4,0.04270752093790675
S04_CONFIRMED,selection_6,base,801880.SI,3,1,-10022.52,-0.020134914909596333
S04_CONFIRMED,selection_6,base,801890.SI,1,1,1828.42,0.0113767984419108
S04_CONFIRMED,selection_6,base,801970.SI,1,1,9542.08,0.0508715233974258
S04_CONFIRMED,selection_6,stress,801010.SI,1,1,4680.57,0.0247832090696769
S04_CONFIRMED,selection_6,stress,801030.SI,1,1,26033.27,0.077249958486701
S04_CONFIRMED,selection_6,stress,801040.SI,1,0,-11883.07,-0.0631969714560165
S04_CONFIRMED,selection_6,stress,801050.SI,2,1,21530.05,0.0263022161150029
S04_CONFIRMED,selection_6,stress,801080.SI,1,0,-15979.83,-0.0458226556042678
S04_CONFIRMED,selection_6,stress,801120.SI,2,1,-8728.41,-0.0114665898061941
S04_CONFIRMED,selection_6,stress,801130.SI,1,1,5845.69,0.0314057004315369
S04_CONFIRMED,selection_6,stress,801140.SI,1,0,-8224.05,-0.0429211394616456
S04_CONFIRMED,selection_6,stress,801160.SI,2,1,-512.37,-0.0014746372435652999
S04_CONFIRMED,selection_6,stress,801170.SI,1,1,13957.48,0.0408139728762653
S04_CONFIRMED,selection_6,stress,801200.SI,2,2,15305.78,0.04612356979730675
S04_CONFIRMED,selection_6,stress,801710.SI,1,1,6997.6,0.0398600069346022
S04_CONFIRMED,selection_6,stress,801720.SI,1,0,-14270.36,-0.0414331706060236
S04_CONFIRMED,selection_6,stress,801730.SI,3,3,74767.66,0.08359013540732674
S04_CONFIRMED,selection_6,stress,801740.SI,1,1,8255.45,0.0442944173940999
S04_CONFIRMED,selection_6,stress,801750.SI,2,2,28028.32,0.056470220574884
S04_CONFIRMED,selection_6,stress,801880.SI,3,1,-10964.71,-0.0219898969529401
S04_CONFIRMED,selection_6,stress,801890.SI,1,1,1498.5,0.0093144039284967
S04_CONFIRMED,selection_6,stress,801970.SI,1,1,8979.99,0.0482077927822761
S04_STRICT,selection_3,base,801880.SI,1,0,-1699.18,-0.0102613486102327
S04_STRICT,selection_3,stress,801880.SI,1,0,-2103.08,-0.0126850220739939
S04_STRICT,selection_4,base,801050.SI,3,2,-1258.93,-0.002190700047934901
S04_STRICT,selection_4,base,801140.SI,1,0,-24741.04,-0.0743065238715891
S04_STRICT,selection_4,base,801890.SI,1,1,66544.18,0.206052254591512
S04_STRICT,selection_4,stress,801050.SI,3,2,2135.46,0.004921061366197799
S04_STRICT,selection_4,stress,801140.SI,1,0,-25276.91,-0.0758548662598952
S04_STRICT,selection_4,stress,801890.SI,1,1,66281.56,0.2036419591615924
S04_STRICT,selection_5,base,801170.SI,1,0,-3633.19,-0.0218733150360851
S04_STRICT,selection_5,stress,801170.SI,1,0,-3933.11,-0.0236575882133288
S04_STRICT,selection_6,base,801730.SI,2,1,2443.93,0.0090411821248725
S04_STRICT,selection_6,base,801880.SI,2,1,-7730.31,-0.02332246002615515
S04_STRICT,selection_6,stress,801730.SI,2,1,1740.09,0.006848349322460003
S04_STRICT,selection_6,stress,801880.SI,2,1,-8502.12,-0.025625553998507848
S05_CONFIRMED,selection_1,base,801750.SI,1,1,15882.57,0.0954013593935521
S05_CONFIRMED,selection_1,base,801960.SI,1,0,-11521.03,-0.0341205481959262
S05_CONFIRMED,selection_1,stress,801750.SI,1,1,15425.72,0.0930508130843906
S05_CONFIRMED,selection_1,stress,801960.SI,1,0,-12064.89,-0.0357024689791838
S05_CONFIRMED,selection_2,base,801030.SI,1,0,-4033.28,-0.0242273102782799
S05_CONFIRMED,selection_2,base,801050.SI,2,0,-9458.42,-0.01488897570603405
S05_CONFIRMED,selection_2,base,801170.SI,1,0,-5167.05,-0.0155961616608764
S05_CONFIRMED,selection_2,stress,801030.SI,1,0,-4383.19,-0.0263015097660299
S05_CONFIRMED,selection_2,stress,801050.SI,2,0,-10486.99,-0.017256638077087
S05_CONFIRMED,selection_2,stress,801170.SI,1,0,-5806.9,-0.0175105582312529
S05_CONFIRMED,selection_3,base,801010.SI,1,1,5869.97,0.0349382034064982
S05_CONFIRMED,selection_3,base,801030.SI,1,0,-22501.57,-0.0669141504662208
S05_CONFIRMED,selection_3,base,801150.SI,1,1,1754.45,0.0104503686264857
S05_CONFIRMED,selection_3,base,801170.SI,1,1,8260.98,0.0248627766133553
S05_CONFIRMED,selection_3,base,801720.SI,1,1,517.54,0.0031173455881223
S05_CONFIRMED,selection_3,base,801730.SI,1,0,-4316.21,-0.0128049915439546
S05_CONFIRMED,selection_3,base,801950.SI,1,1,3890.72,0.0231749072564718
S05_CONFIRMED,selection_3,stress,801010.SI,1,1,5568.53,0.0333773267126084
S05_CONFIRMED,selection_3,stress,801030.SI,1,0,-22434.51,-0.0669141764813082
S05_CONFIRMED,selection_3,stress,801150.SI,1,1,1430.53,0.0085127246050607
S05_CONFIRMED,selection_3,stress,801170.SI,1,1,7621.16,0.022915057670105
S05_CONFIRMED,selection_3,stress,801720.SI,1,1,165.64,0.0009966575508963
S05_CONFIRMED,selection_3,stress,801730.SI,1,0,-4900.07,-0.014524555114045
S05_CONFIRMED,selection_3,stress,801950.SI,1,1,3576.79,0.0212850852595968
S05_CONFIRMED,selection_4,base,801010.SI,1,0,-10785.05,-0.0650480071367314
S05_CONFIRMED,selection_4,base,801040.SI,1,1,1642.67,0.0098973052231154
S05_CONFIRMED,selection_4,base,801080.SI,1,1,6753.53,0.0413554155023547
S05_CONFIRMED,selection_4,base,801110.SI,1,0,-3963.05,-0.0238405462357888
S05_CONFIRMED,selection_4,base,801140.SI,1,1,7037.84,0.0437019158553199
S05_CONFIRMED,selection_4,base,801170.SI,2,0,-14870.83,-0.023638840951601098
S05_CONFIRMED,selection_4,base,801730.SI,1,0,-2953.33,-0.0181110845236274
S05_CONFIRMED,selection_4,base,801790.SI,2,1,-10495.46,-0.01499530725753985
S05_CONFIRMED,selection_4,base,801880.SI,1,1,7466.78,0.0456776963374486
S05_CONFIRMED,selection_4,base,801890.SI,2,0,-22048.62,-0.03395610312047245
S05_CONFIRMED,selection_4,base,801960.SI,1,0,-4089.07,-0.0245832595617713
S05_CONFIRMED,selection_4,stress,801010.SI,1,0,-11226.94,-0.0676230232718527
S05_CONFIRMED,selection_4,stress,801040.SI,1,1,1029.45,0.0062115582711684
S05_CONFIRMED,selection_4,stress,801080.SI,1,1,6441.62,0.0394077718398892
S05_CONFIRMED,selection_4,stress,801110.SI,1,0,-4212.68,-0.0255030793387632
S05_CONFIRMED,selection_4,stress,801140.SI,1,1,6655.01,0.0415220131538794
S05_CONFIRMED,selection_4,stress,801170.SI,2,0,-15971.81,-0.02599764708201855
S05_CONFIRMED,selection_4,stress,801730.SI,1,0,-3307.24,-0.0202594156412779
S05_CONFIRMED,selection_4,stress,801790.SI,2,1,-11533.38,-0.0171461654640143
S05_CONFIRMED,selection_4,stress,801880.SI,1,1,6912.62,0.0423799686776851
S05_CONFIRMED,selection_4,stress,801890.SI,2,0,-23166.93,-0.0358099326355709
S05_CONFIRMED,selection_4,stress,801960.SI,1,0,-4646.94,-0.0278903462504855
S05_CONFIRMED,selection_5,base,801030.SI,1,1,3480.53,0.0206741023890574
S05_CONFIRMED,selection_5,base,801080.SI,1,1,11309.65,0.0680744489064383
S05_CONFIRMED,selection_5,base,801150.SI,3,1,-11287.38,-0.013683431820113098
S05_CONFIRMED,selection_5,base,801790.SI,1,0,-14893.25,-0.0438799268776407
S05_CONFIRMED,selection_5,stress,801030.SI,1,1,3057.57,0.0182291203993466
S05_CONFIRMED,selection_5,stress,801080.SI,1,1,10719.82,0.0644097751406178
S05_CONFIRMED,selection_5,stress,801150.SI,3,1,-12706.3,-0.015797389553933564
S05_CONFIRMED,selection_5,stress,801790.SI,1,0,-15999.69,-0.0472217991854081
S05_CONFIRMED,selection_6,base,801030.SI,1,1,3856.66,0.0232083550222505
S05_CONFIRMED,selection_6,base,801080.SI,1,0,-2003.91,-0.012103295028469
S05_CONFIRMED,selection_6,base,801730.SI,1,0,-9746.35,-0.0586410599872409
S05_CONFIRMED,selection_6,base,801890.SI,1,0,-13027.39,-0.0785078447942697
S05_CONFIRMED,selection_6,stress,801030.SI,1,1,3380.78,0.0203155307586995
S05_CONFIRMED,selection_6,stress,801080.SI,1,0,-2315.83,-0.0139740710060428
S05_CONFIRMED,selection_6,stress,801730.SI,1,0,-10114.24,-0.0607872367381311
S05_CONFIRMED,selection_6,stress,801890.SI,1,0,-13503.27,-0.0812590905398208
S06_CONFIRMED,selection_1,base,801080.SI,2,0,-17221.53,-0.05223227523597625
S06_CONFIRMED,selection_1,base,801750.SI,4,3,13851.08,0.021807278921530927
S06_CONFIRMED,selection_1,base,801760.SI,2,0,-9841.57,-0.0331501542948264
S06_CONFIRMED,selection_1,base,801770.SI,1,0,-9014.55,-0.0543479309376043
S06_CONFIRMED,selection_1,base,801790.SI,2,2,23174.32,0.0714986740649306
S06_CONFIRMED,selection_1,stress,801080.SI,2,0,-17869.36,-0.0541439842307364
S06_CONFIRMED,selection_1,stress,801750.SI,4,3,12344.09,0.019459859054655727
S06_CONFIRMED,selection_1,stress,801760.SI,2,0,-10480.42,-0.03519908205540935
S06_CONFIRMED,selection_1,stress,801770.SI,1,0,-9390.47,-0.0565502031670623
S06_CONFIRMED,selection_1,stress,801790.SI,2,2,22455.66,0.069516327343661
S06_CONFIRMED,selection_2,base,801780.SI,1,1,6133.25,0.0369969051266222
S06_CONFIRMED,selection_2,stress,801780.SI,1,1,5761.36,0.0347146356278609
S06_CONFIRMED,selection_4,base,801080.SI,2,2,20497.07,0.06174798394581485
S06_CONFIRMED,selection_4,base,801730.SI,1,1,9240.92,0.0557947965422504
S06_CONFIRMED,selection_4,base,801750.SI,1,0,-5540.73,-0.033341637556753
S06_CONFIRMED,selection_4,base,801790.SI,1,0,-4093.23,-0.024989993574886
S06_CONFIRMED,selection_4,stress,801080.SI,2,2,19789.26,0.0595483211758101
S06_CONFIRMED,selection_4,stress,801730.SI,1,1,8923.0,0.053823572806712
S06_CONFIRMED,selection_4,stress,801750.SI,1,0,-6006.61,-0.0360944723438118
S06_CONFIRMED,selection_4,stress,801790.SI,1,0,-6155.74,-0.0375425977976884
S06_CONFIRMED,selection_5,base,801050.SI,2,1,-6617.93,-0.01984425093869285
S06_CONFIRMED,selection_5,base,801130.SI,1,0,-20998.66,-0.1281055999141027
S06_CONFIRMED,selection_5,base,801720.SI,2,2,28910.46,0.08844617761141065
S06_CONFIRMED,selection_5,base,801730.SI,1,0,-6391.51,-0.0389902626676215
S06_CONFIRMED,selection_5,stress,801050.SI,2,1,-7183.67,-0.021893021414089754
S06_CONFIRMED,selection_5,stress,801130.SI,1,0,-21370.56,-0.1302266151851344
S06_CONFIRMED,selection_5,stress,801720.SI,2,2,28081.63,0.08604636333438084
S06_CONFIRMED,selection_5,stress,801730.SI,1,0,-6733.42,-0.0410332069140876
S06_CONFIRMED,selection_6,base,801050.SI,2,2,27286.84,0.0839382252968992
S06_CONFIRMED,selection_6,base,801130.SI,2,1,119.39,0.00029306951920765253
S06_CONFIRMED,selection_6,base,801140.SI,1,0,-5899.61,-0.0343629483285135
S06_CONFIRMED,selection_6,base,801720.SI,1,0,-5601.08,-0.0329276333735286
S06_CONFIRMED,selection_6,base,801730.SI,5,2,-6030.47,-0.0075577314515336376
S06_CONFIRMED,selection_6,base,801740.SI,1,1,7313.04,0.0440500926263632
S06_CONFIRMED,selection_6,base,801890.SI,1,1,20998.74,0.1249984076628383
S06_CONFIRMED,selection_6,stress,801050.SI,2,2,26590.11,0.08172804699120675
S06_CONFIRMED,selection_6,stress,801130.SI,2,1,-632.41,-0.0019017285948266498
S06_CONFIRMED,selection_6,stress,801140.SI,1,0,-6171.54,-0.0359183744734717
S06_CONFIRMED,selection_6,stress,801720.SI,1,0,-5980.96,-0.0351216319988217
S06_CONFIRMED,selection_6,stress,801730.SI,5,2,-7831.03,-0.009674094858149383
S06_CONFIRMED,selection_6,stress,801740.SI,1,1,6933.14,0.0417140098784337
S06_CONFIRMED,selection_6,stress,801890.SI,1,1,20638.82,0.1227243849931843
S06_STRICT,selection_1,base,801730.SI,1,1,13442.85,0.0808779728912877
S06_STRICT,selection_1,base,801880.SI,2,2,39086.42,0.1174546809420132
S06_STRICT,selection_1,stress,801730.SI,1,1,12946.97,0.0777784612937266
S06_STRICT,selection_1,stress,801880.SI,2,2,38106.36,0.11455236197647364
S06_STRICT,selection_4,base,801080.SI,1,1,4724.84,0.0285664449291331
S06_STRICT,selection_4,base,801750.SI,1,1,4410.84,0.0267756834466429
S06_STRICT,selection_4,base,801790.SI,1,0,-4042.56,-0.0243765014616638
S06_STRICT,selection_4,stress,801080.SI,1,1,4360.92,0.0263371878976921
S06_STRICT,selection_4,stress,801750.SI,1,1,4032.92,0.0244534829199068
S06_STRICT,selection_4,stress,801790.SI,1,0,-4428.46,-0.0266724165813163
S06_STRICT,selection_6,base,801030.SI,1,0,-16916.85,-0.1016084452580773
S06_STRICT,selection_6,base,801730.SI,1,0,-7245.4,-0.0442968467093967
S06_STRICT,selection_6,base,801890.SI,1,1,9645.82,0.0580002446085403
S06_STRICT,selection_6,stress,801030.SI,1,0,-5551.28,-0.0333064822988965
S06_STRICT,selection_6,stress,801730.SI,1,0,-7549.34,-0.0461122057524477
S06_STRICT,selection_6,stress,801890.SI,1,1,9317.9,0.0559732502900362
S07_CONFIRMED,selection_2,base,801120.SI,1,1,4256.32,0.0256109367807619
S07_CONFIRMED,selection_2,stress,801120.SI,1,1,4022.39,0.0241863105767148
S07_CONFIRMED,selection_3,base,801050.SI,2,0,-24923.9,-0.05074683401047845
S07_CONFIRMED,selection_3,base,801110.SI,1,0,-7927.83,-0.0487451273041835
S07_CONFIRMED,selection_3,base,801730.SI,1,1,67002.21,0.2043163734076312
S07_CONFIRMED,selection_3,base,801890.SI,2,2,13287.73,0.041131750482864896
S07_CONFIRMED,selection_3,stress,801050.SI,2,0,-25820.71,-0.05253705784986755
S07_CONFIRMED,selection_3,stress,801110.SI,1,0,-8335.73,-0.0511889189595318
S07_CONFIRMED,selection_3,stress,801730.SI,1,1,65928.84,0.2020069667126003
S07_CONFIRMED,selection_3,stress,801890.SI,2,2,12493.85,0.038681480838186705
S07_CONFIRMED,selection_4,base,801040.SI,1,0,-2018.2,-0.0123010841191309
S07_CONFIRMED,selection_4,base,801080.SI,3,0,-13198.45,-0.026634849874797365
S07_CONFIRMED,selection_4,base,801150.SI,1,1,10428.94,0.0640006627779601
S07_CONFIRMED,selection_4,base,801160.SI,1,0,-184.13,-0.0005572294261199
S07_CONFIRMED,selection_4,base,801880.SI,3,1,-25660.03,-0.0258471164255183
S07_CONFIRMED,selection_4,stress,801040.SI,1,0,-2324.13,-0.0141525487564265
S07_CONFIRMED,selection_4,stress,801080.SI,3,0,-14134.22,-0.028496334700220366
S07_CONFIRMED,selection_4,stress,801150.SI,1,1,10069.05,0.0617238769807372
S07_CONFIRMED,selection_4,stress,801160.SI,1,0,-922.95,-0.0028050465734378
S07_CONFIRMED,selection_4,stress,801880.SI,3,1,-27142.94,-0.02746224636562693
S07_CONFIRMED,selection_6,base,801950.SI,1,1,8283.54,0.0497060167482095
S07_CONFIRMED,selection_6,stress,801950.SI,1,1,7891.74,0.047580902861098
S07_STRICT,selection_4,base,801040.SI,1,0,-2031.4,-0.0123011389544262
S07_STRICT,selection_4,base,801080.SI,1,0,-5892.9,-0.0355638087898353
S07_STRICT,selection_4,base,801160.SI,1,0,-185.11,-0.0005571994878616
S07_STRICT,selection_4,base,801880.SI,2,1,-13644.75,-0.02069515447874705
S07_STRICT,selection_4,stress,801040.SI,1,0,-2339.32,-0.0141525466077797
S07_STRICT,selection_4,stress,801080.SI,1,0,-6228.81,-0.0375529489218496
S07_STRICT,selection_4,stress,801160.SI,1,0,-932.93,-0.0028050530944988
S07_STRICT,selection_4,stress,801880.SI,2,1,-14629.02,-0.0221627577759605
S08_CONFIRMED,selection_1,base,801080.SI,1,1,29530.71,0.166000665673085
S08_CONFIRMED,selection_1,base,801160.SI,2,1,20488.52,0.08473693306651935
S08_CONFIRMED,selection_1,base,801210.SI,1,1,27233.06,0.1650777320856079
S08_CONFIRMED,selection_1,base,801730.SI,1,1,4949.78,0.0279840175324552
S08_CONFIRMED,selection_1,base,801750.SI,1,1,8074.22,0.0454120408933453
S08_CONFIRMED,selection_1,base,801880.SI,2,1,7392.26,0.020628095860730552
S08_CONFIRMED,selection_1,stress,801080.SI,1,1,28762.54,0.1618454559654928
S08_CONFIRMED,selection_1,stress,801160.SI,2,1,19453.08,0.08254465451307795
S08_CONFIRMED,selection_1,stress,801210.SI,1,1,26673.21,0.1614100737900799
S08_CONFIRMED,selection_1,stress,801730.SI,1,1,4581.87,0.0258770797062083
S08_CONFIRMED,selection_1,stress,801750.SI,1,1,7706.31,0.0432979726846067
S08_CONFIRMED,selection_1,stress,801880.SI,2,1,6744.49,0.01858478888479145
S08_CONFIRMED,selection_2,base,801030.SI,2,0,-31550.38,-0.04831265748802345
S08_CONFIRMED,selection_2,base,801050.SI,2,1,-6074.61,0.015100247029077654
S08_CONFIRMED,selection_2,base,801110.SI,1,0,-3995.03,-0.0239054740970425
S08_CONFIRMED,selection_2,base,801140.SI,1,0,-9136.3,-0.0542515687814088
S08_CONFIRMED,selection_2,base,801150.SI,1,0,-7541.29,-0.0479019547387446
S08_CONFIRMED,selection_2,base,801170.SI,1,0,-6657.44,-0.0397162832859905
S08_CONFIRMED,selection_2,base,801730.SI,1,1,16698.32,0.1005193339195745
S08_CONFIRMED,selection_2,base,801760.SI,2,0,-17796.31,-0.0552083441980086
S08_CONFIRMED,selection_2,base,801880.SI,1,0,-6553.71,-0.0392664082462387
S08_CONFIRMED,selection_2,base,801890.SI,1,0,-4363.62,-0.0269915585271123
S08_CONFIRMED,selection_2,base,801970.SI,1,0,-6474.29,-0.038684381256279
S08_CONFIRMED,selection_2,stress,801030.SI,2,0,-32640.24,-0.050212948776614946
S08_CONFIRMED,selection_2,stress,801050.SI,2,1,-6819.93,0.013217047347068099
S08_CONFIRMED,selection_2,stress,801110.SI,1,0,-4406.91,-0.0263376081771964
S08_CONFIRMED,selection_2,stress,801140.SI,1,0,-9534.21,-0.0565475240808027
S08_CONFIRMED,selection_2,stress,801150.SI,1,0,-7768.12,-0.0499081775675716
S08_CONFIRMED,selection_2,stress,801170.SI,1,0,-7147.61,-0.0427397047630283
S08_CONFIRMED,selection_2,stress,801730.SI,1,1,16343.44,0.0982990032870908
S08_CONFIRMED,selection_2,stress,801760.SI,2,0,-18367.08,-0.05725527373529865
S08_CONFIRMED,selection_2,stress,801880.SI,1,0,-7025.59,-0.0420342132753539
S08_CONFIRMED,selection_2,stress,801890.SI,1,0,-4727.52,-0.0292095999114231
S08_CONFIRMED,selection_2,stress,801970.SI,1,0,-7021.51,-0.0420294242063878
S08_CONFIRMED,selection_3,base,801010.SI,1,1,8967.98,0.0269599284922978
S08_CONFIRMED,selection_3,base,801030.SI,1,0,-4445.54,-0.0267633554293332
S08_CONFIRMED,selection_3,base,801050.SI,1,1,9821.14,0.0296719622655122
S08_CONFIRMED,selection_3,base,801080.SI,2,0,-29454.25,-0.0431909261767336
S08_CONFIRMED,selection_3,base,801120.SI,3,2,6100.63,0.0119900281308407
S08_CONFIRMED,selection_3,base,801140.SI,1,0,-529.93,-0.003203518096767
S08_CONFIRMED,selection_3,base,801150.SI,1,0,-8084.24,-0.0487585779588458
S08_CONFIRMED,selection_3,base,801160.SI,1,1,14903.53,0.0448465211510043
S08_CONFIRMED,selection_3,base,801170.SI,2,1,688.97,0.0008818754007089997
S08_CONFIRMED,selection_3,base,801210.SI,1,1,5377.19,0.0323157060200404
S08_CONFIRMED,selection_3,base,801980.SI,1,1,10740.16,0.0646602306011963
S08_CONFIRMED,selection_3,stress,801010.SI,1,1,7993.48,0.024878589162133
S08_CONFIRMED,selection_3,stress,801030.SI,1,0,-4851.43,-0.0291712620410232
S08_CONFIRMED,selection_3,stress,801050.SI,1,1,9005.35,0.0271737638077638
S08_CONFIRMED,selection_3,stress,801080.SI,2,0,-30793.6,-0.0461577357068906
S08_CONFIRMED,selection_3,stress,801120.SI,3,2,4689.03,0.009680462717272001
S08_CONFIRMED,selection_3,stress,801140.SI,1,0,-759.88,-0.0045904130997249
S08_CONFIRMED,selection_3,stress,801150.SI,1,0,-8390.17,-0.0505570716009208
S08_CONFIRMED,selection_3,stress,801170.SI,2,1,-838.9,-0.0011890427340652994
S08_CONFIRMED,selection_3,stress,801210.SI,1,1,2580.33,0.0155805428255251
S08_CONFIRMED,selection_3,stress,801980.SI,1,1,10380.26,0.0624258148214056
S08_CONFIRMED,selection_4,base,801030.SI,7,2,-30904.25,-0.019442770997643386
S08_CONFIRMED,selection_4,base,801050.SI,1,1,4436.23,0.0275916128084871
S08_CONFIRMED,selection_4,base,801080.SI,6,2,-6608.87,-0.006569402914937781
S08_CONFIRMED,selection_4,base,801110.SI,1,0,-7115.33,-0.0445174083148155
S08_CONFIRMED,selection_4,base,801150.SI,3,2,8939.77,0.0243553201675509
S08_CONFIRMED,selection_4,base,801160.SI,1,0,-13631.43,-0.04057273645739
S08_CONFIRMED,selection_4,base,801200.SI,1,0,-11809.58,-0.0347188019523538
S08_CONFIRMED,selection_4,base,801710.SI,1,1,5394.77,0.0323525058638793
S08_CONFIRMED,selection_4,base,801720.SI,1,1,12553.75,0.0760090839748178
S08_CONFIRMED,selection_4,base,801730.SI,2,2,16845.77,0.0372372826596785
S08_CONFIRMED,selection_4,base,801750.SI,1,1,4171.15,0.0252012995451906
S08_CONFIRMED,selection_4,base,801790.SI,1,1,2655.7,0.0161601908967807
S08_CONFIRMED,selection_4,base,801890.SI,3,1,32149.73,0.027950886742023364
S08_CONFIRMED,selection_4,base,801960.SI,1,0,-1549.11,-0.0093643536401052
S08_CONFIRMED,selection_4,stress,801030.SI,5,0,-50137.58,-0.03962161772809566
S08_CONFIRMED,selection_4,stress,801050.SI,1,1,4084.33,0.0253751478337065
S08_CONFIRMED,selection_4,stress,801080.SI,5,2,-2129.49,-0.0025810391258156394
S08_CONFIRMED,selection_4,stress,801110.SI,1,0,-7236.82,-0.0464237045575073
S08_CONFIRMED,selection_4,stress,801150.SI,4,3,10098.23,0.0191711133546136
S08_CONFIRMED,selection_4,stress,801160.SI,1,0,-11166.23,-0.0333416053607515
S08_CONFIRMED,selection_4,stress,801710.SI,1,1,5376.09,0.0322935632785563
S08_CONFIRMED,selection_4,stress,801720.SI,1,1,12135.84,0.0733858720053939
S08_CONFIRMED,selection_4,stress,801730.SI,2,2,15741.85,0.03531165900085925
S08_CONFIRMED,selection_4,stress,801750.SI,2,1,201.66,0.0007243950525399005
S08_CONFIRMED,selection_4,stress,801790.SI,1,1,2307.78,0.0140282066777954
S08_CONFIRMED,selection_4,stress,801890.SI,4,1,20894.65,0.012597106939232796
S08_CONFIRMED,selection_4,stress,801960.SI,1,0,-1969.02,-0.0118876087216126
S08_CONFIRMED,selection_5,base,801030.SI,3,0,-25936.9,-0.0373006979041442
S08_CONFIRMED,selection_5,base,801080.SI,1,1,14383.12,0.0870168421528983
S08_CONFIRMED,selection_5,base,801120.SI,2,1,6684.95,0.020606246570051452
S08_CONFIRMED,selection_5,base,801130.SI,2,0,-4655.74,-0.0140483111189873
S08_CONFIRMED,selection_5,base,801160.SI,2,0,-11242.91,-0.0338649666957142
S08_CONFIRMED,selection_5,base,801170.SI,3,0,-12428.77,-0.02479914242293882
S08_CONFIRMED,selection_5,base,801200.SI,1,0,-7065.88,-0.0431238716104982
S08_CONFIRMED,selection_5,base,801730.SI,1,1,5566.37,0.0335136806623442
S08_CONFIRMED,selection_5,base,801740.SI,1,0,-3679.29,-0.0223723580929624
S08_CONFIRMED,selection_5,base,801780.SI,1,0,-4383.35,-0.0262803860312225
S08_CONFIRMED,selection_5,base,801790.SI,1,0,-7322.15,-0.0438560449126532
S08_CONFIRMED,selection_5,base,801880.SI,1,1,18520.93,0.1127599909650419
S08_CONFIRMED,selection_5,base,801960.SI,1,0,-2197.38,-0.0134430328404156
S08_CONFIRMED,selection_5,base,801970.SI,1,1,3122.92,0.0187585757509374
S08_CONFIRMED,selection_5,stress,801030.SI,3,0,-27059.84,-0.0392815930243555
S08_CONFIRMED,selection_5,stress,801080.SI,1,1,13711.59,0.0847471360829261
S08_CONFIRMED,selection_5,stress,801120.SI,2,1,6083.38,0.01854064052734365
S08_CONFIRMED,selection_5,stress,801130.SI,2,0,-5247.58,-0.0158335702452016
S08_CONFIRMED,selection_5,stress,801160.SI,2,0,-11937.57,-0.0360349854242465
S08_CONFIRMED,selection_5,stress,801170.SI,3,0,-13563.56,-0.027158323537893103
S08_CONFIRMED,selection_5,stress,801200.SI,1,0,-7401.79,-0.0451276844250138
S08_CONFIRMED,selection_5,stress,801730.SI,1,1,5132.8,0.0314227499779303
S08_CONFIRMED,selection_5,stress,801740.SI,1,0,-3972.09,-0.0242821433090823
S08_CONFIRMED,selection_5,stress,801780.SI,1,0,-4780.38,-0.0287616892984516
S08_CONFIRMED,selection_5,stress,801790.SI,1,0,-7448.19,-0.0457993905048626
S08_CONFIRMED,selection_5,stress,801880.SI,1,1,18161.04,0.1104612557740223
S08_CONFIRMED,selection_5,stress,801960.SI,1,0,-2533.3,-0.0154821911410429
S08_CONFIRMED,selection_5,stress,801970.SI,1,1,2561.73,0.01541803808079
S08_CONFIRMED,selection_6,base,801010.SI,1,0,-1076.26,-0.0063769939511996
S08_CONFIRMED,selection_6,base,801030.SI,4,2,12174.86,0.018977138263103772
S08_CONFIRMED,selection_6,base,801140.SI,2,2,7695.38,0.0219192021209905
S08_CONFIRMED,selection_6,base,801150.SI,1,0,-13855.87,-0.0395973141703701
S08_CONFIRMED,selection_6,base,801160.SI,1,0,-10003.15,-0.0282162885003551
S08_CONFIRMED,selection_6,base,801170.SI,1,0,-1885.34,-0.0107313993924903
S08_CONFIRMED,selection_6,base,801720.SI,1,1,6266.17,0.0356899449241515
S08_CONFIRMED,selection_6,base,801750.SI,2,2,42580.29,0.062149426492520546
S08_CONFIRMED,selection_6,base,801890.SI,5,4,20865.29,0.02378965923079678
S08_CONFIRMED,selection_6,base,801980.SI,1,0,-5442.09,-0.0310334020405977
S08_CONFIRMED,selection_6,stress,801010.SI,1,0,-1520.14,-0.0089952109055467
S08_CONFIRMED,selection_6,stress,801030.SI,4,2,10678.9,0.0166492504228899
S08_CONFIRMED,selection_6,stress,801140.SI,2,2,6877.74,0.019825394207008653
S08_CONFIRMED,selection_6,stress,801150.SI,1,0,-14878.21,-0.0426116573343642
S08_CONFIRMED,selection_6,stress,801160.SI,1,0,-10802.26,-0.0306432105278028
S08_CONFIRMED,selection_6,stress,801170.SI,1,0,-2128.76,-0.0122018506487886
S08_CONFIRMED,selection_6,stress,801720.SI,1,1,5620.38,0.032287683340136
S08_CONFIRMED,selection_6,stress,801750.SI,2,2,41332.6,0.060279578739751496
S08_CONFIRMED,selection_6,stress,801890.SI,5,4,18812.01,0.021859918381293097
S08_CONFIRMED,selection_6,stress,801980.SI,1,0,-5778.01,-0.0329174338415131
S08_STRICT,selection_4,base,801790.SI,1,1,2655.7,0.0161601908967807
S08_STRICT,selection_4,stress,801790.SI,1,1,2307.78,0.0140282066777954
BASE_DEF,review,base,801010.SI,2,0,-10660.47,-0.0326316120466876
BASE_DEF,review,base,801030.SI,2,2,31885.22,0.07793911946187719
BASE_DEF,review,base,801080.SI,1,1,4830.72,0.0513785370126653
BASE_DEF,review,base,801110.SI,2,1,7588.84,0.02501589600691265
BASE_DEF,review,base,801120.SI,1,0,-10147.19,-0.037108740873933
BASE_DEF,review,base,801130.SI,1,0,-5557.92,-0.0453178701338135
BASE_DEF,review,base,801140.SI,2,2,18648.15,0.05650537218909775
BASE_DEF,review,base,801150.SI,4,1,-5360.6,-0.005451572068992501
BASE_DEF,review,base,801160.SI,3,1,-3639.92,-0.0028929788545314326
BASE_DEF,review,base,801730.SI,3,3,21369.46,0.06394681923202437
BASE_DEF,review,base,801760.SI,2,2,28554.23,0.08115882330514179
BASE_DEF,review,base,801780.SI,3,1,-8301.8,-0.016788914645176466
BASE_DEF,review,base,801790.SI,2,0,-11832.93,-0.034399127448220254
BASE_DEF,review,base,801880.SI,2,1,-4131.41,0.004459823320846299
BASE_DEF,review,base,801890.SI,1,1,6482.04,0.0446436860773442
BASE_DEF,review,base,801950.SI,2,1,4110.15,0.03302930436406325
BASE_DEF,review,stress,801010.SI,3,0,-13215.2,-0.0290958615051259
BASE_DEF,review,stress,801030.SI,2,2,29316.06,0.0749852874310616
BASE_DEF,review,stress,801080.SI,1,1,4640.77,0.0493084311821105
BASE_DEF,review,stress,801110.SI,1,0,-518.62,-0.0031749662160135
BASE_DEF,review,stress,801120.SI,2,0,-13199.16,-0.0337120944860711
BASE_DEF,review,stress,801130.SI,2,0,-19426.87,-0.0452288323249212
BASE_DEF,review,stress,801140.SI,1,1,16611.27,0.1062098470675951
BASE_DEF,review,stress,801150.SI,5,1,-11005.47,-0.01410367705420082
BASE_DEF,review,stress,801160.SI,3,0,-6923.81,-0.014352817122478002
BASE_DEF,review,stress,801730.SI,2,2,14889.51,0.06852795363353746
BASE_DEF,review,stress,801760.SI,1,1,23279.98,0.1456085809061827
BASE_DEF,review,stress,801780.SI,4,1,-16541.69,-0.025899921306654826
BASE_DEF,review,stress,801790.SI,2,0,-12127.02,-0.0371769346876463
BASE_DEF,review,stress,801880.SI,2,1,-1788.35,0.0226753633633005
BASE_DEF,review,stress,801890.SI,1,1,5934.83,0.042534059039395
BASE_DEF,review,stress,801950.SI,2,1,3659.0,0.030979851745970653
BASE_ENV,review,base,801010.SI,1,0,-6449.68,-0.0378571685576918
BASE_ENV,review,base,801030.SI,1,1,48062.54,0.1485684963953333
BASE_ENV,review,base,801080.SI,3,1,-12050.36,-0.012996960159770766
BASE_ENV,review,base,801120.SI,2,1,-4517.9,0.004284421915213849
BASE_ENV,review,base,801130.SI,3,0,-10893.71,-0.02193638646349917
BASE_ENV,review,base,801140.SI,2,1,6471.2,0.020516880960874048
BASE_ENV,review,base,801150.SI,5,1,-28620.85,-0.03453801741645048
BASE_ENV,review,base,801160.SI,3,1,-1640.23,-0.0028929631874417996
BASE_ENV,review,base,801170.SI,1,0,-1233.74,-0.0072477122157618
BASE_ENV,review,base,801730.SI,7,5,19860.86,0.021926628974491057
BASE_ENV,review,base,801740.SI,1,0,-6469.2,-0.0196755475086368
BASE_ENV,review,base,801760.SI,1,1,9996.94,0.0655282326974799
BASE_ENV,review,base,801780.SI,2,0,-8861.51,-0.0267974296366063
BASE_ENV,review,base,801880.SI,2,1,2545.72,0.005844273581504099
BASE_ENV,review,base,801890.SI,1,1,6431.41,0.0386666734002871
BASE_ENV,review,base,801950.SI,2,1,11061.94,0.033029389370688306
BASE_ENV,review,base,801960.SI,1,1,6312.12,0.0393455719089925
BASE_ENV,review,base,801970.SI,2,0,-14761.1,-0.04388335865043505
BASE_ENV,review,stress,801010.SI,1,0,-6585.47,-0.0397166322530677
BASE_ENV,review,stress,801030.SI,1,1,46422.79,0.1454786088630884
BASE_ENV,review,stress,801080.SI,3,1,-13414.91,-0.0148167450522402
BASE_ENV,review,stress,801120.SI,3,1,-7876.08,-0.008348055624483236
BASE_ENV,review,stress,801130.SI,3,0,-12215.63,-0.024920054909158367
BASE_ENV,review,stress,801140.SI,2,1,5901.7,0.0184904394177112
BASE_ENV,review,stress,801150.SI,6,1,-36704.8,-0.03720108745864774
BASE_ENV,review,stress,801160.SI,3,1,-2484.28,-0.004709206242210333
BASE_ENV,review,stress,801170.SI,1,0,-1715.26,-0.0102977415282846
BASE_ENV,review,stress,801730.SI,6,5,22419.6,0.028355749643673572
BASE_ENV,review,stress,801740.SI,1,0,-7157.01,-0.0217447089062946
BASE_ENV,review,stress,801780.SI,2,0,-9855.2,-0.029883208169724552
BASE_ENV,review,stress,801880.SI,2,1,8577.2,0.02407688244376255
BASE_ENV,review,stress,801890.SI,1,1,6098.51,0.0366326182400886
BASE_ENV,review,stress,801950.SI,2,1,10265.01,0.030979876374127954
BASE_ENV,review,stress,801960.SI,1,1,5889.27,0.0370857982073437
BASE_ENV,review,stress,801970.SI,2,0,-15387.24,-0.0463937564877328
S01_CONFIRMED,review,base,801010.SI,2,1,2518.17,0.0074640443230631
S01_CONFIRMED,review,base,801030.SI,3,2,6907.42,0.015106845758358365
S01_CONFIRMED,review,base,801040.SI,1,0,-6064.79,-0.0362042626279497
S01_CONFIRMED,review,base,801050.SI,1,0,-11293.68,-0.0673759015451138
S01_CONFIRMED,review,base,801110.SI,2,1,-82.39,4.858099376419973e-05
S01_CONFIRMED,review,base,801140.SI,1,1,17817.81,0.1074900775127672
S01_CONFIRMED,review,base,801150.SI,7,4,7592.81,0.008059259411501433
S01_CONFIRMED,review,base,801200.SI,2,0,-7269.51,-0.022108934115115948
S01_CONFIRMED,review,base,801710.SI,1,0,-6283.22,-0.0373885286037518
S01_CONFIRMED,review,base,801730.SI,1,0,-5908.09,-0.035615489029445
S01_CONFIRMED,review,base,801740.SI,1,0,-4507.7,-0.0271050928615658
S01_CONFIRMED,review,base,801760.SI,1,0,-589.91,-0.0018240640149964
S01_CONFIRMED,review,base,801780.SI,1,0,-185.44,-0.0011196760667972
S01_CONFIRMED,review,base,801880.SI,1,0,-6008.3,-0.0365546348603683
S01_CONFIRMED,review,base,801890.SI,2,1,-2676.4,-0.0077541045557160005
S01_CONFIRMED,review,stress,801010.SI,2,1,1844.34,0.005400680115472199
S01_CONFIRMED,review,stress,801030.SI,3,2,5284.8,0.013103108970501967
S01_CONFIRMED,review,stress,801040.SI,1,0,-6262.49,-0.0382297926455467
S01_CONFIRMED,review,stress,801050.SI,1,0,-11261.14,-0.0692339619562848
S01_CONFIRMED,review,stress,801110.SI,2,1,-838.27,-0.0023625330984180003
S01_CONFIRMED,review,stress,801140.SI,2,2,17349.54,0.053227202592887754
S01_CONFIRMED,review,stress,801150.SI,7,3,-5234.54,-0.0031196698285198146
S01_CONFIRMED,review,stress,801160.SI,1,0,-705.21,-0.0042996197402425
S01_CONFIRMED,review,stress,801200.SI,2,0,-6382.49,-0.01950644941337455
S01_CONFIRMED,review,stress,801710.SI,1,0,-6549.45,-0.0397208150304056
S01_CONFIRMED,review,stress,801730.SI,1,0,-6089.65,-0.0375787826761358
S01_CONFIRMED,review,stress,801740.SI,1,0,-4769.46,-0.0291548358189065
S01_CONFIRMED,review,stress,801760.SI,1,0,-1041.21,-0.003231435369508
S01_CONFIRMED,review,stress,801780.SI,1,0,-580.41,-0.0035179534058614
S01_CONFIRMED,review,stress,801880.SI,1,0,-6327.24,-0.0384543505463355
S01_CONFIRMED,review,stress,801890.SI,1,0,-5685.05,-0.0343127417450214
S01_STRICT,review,base,801010.SI,1,1,7966.5,0.049308611747649
S01_STRICT,review,base,801150.SI,5,3,-8156.28,-0.009778829366952218
S01_STRICT,review,base,801160.SI,1,0,-357.32,-0.0021808711985966
S01_STRICT,review,base,801890.SI,1,0,-5429.12,-0.0327933909217409
S01_STRICT,review,stress,801010.SI,1,1,7642.58,0.0472563120910833
S01_STRICT,review,stress,801150.SI,5,2,-20221.36,-0.024501788651630944
S01_STRICT,review,stress,801160.SI,1,0,-705.21,-0.0042996197402425
S01_STRICT,review,stress,801890.SI,1,0,-5640.63,-0.0343127098453217
S02_CONFIRMED,review,base,801010.SI,2,2,32143.68,0.0585832285633639
S02_CONFIRMED,review,base,801030.SI,9,6,30971.0,0.018625509826992643
S02_CONFIRMED,review,base,801040.SI,1,0,-6575.44,-0.0407577041317612
S02_CONFIRMED,review,base,801050.SI,4,1,-18289.5,-0.01799925919980275
S02_CONFIRMED,review,base,801110.SI,1,0,-1094.77,-0.0066080828097314
S02_CONFIRMED,review,base,801140.SI,1,0,-10461.54,-0.0662252888162332
S02_CONFIRMED,review,base,801150.SI,3,0,-10357.23,-0.021301891453269103
S02_CONFIRMED,review,base,801170.SI,2,1,-1120.45,-0.0034570791077955503
S02_CONFIRMED,review,base,801210.SI,1,0,-11443.79,-0.0704296725827897
S02_CONFIRMED,review,base,801710.SI,1,1,7726.37,0.0469576846193112
S02_CONFIRMED,review,base,801720.SI,1,0,-8290.92,-0.0522973822734574
S02_CONFIRMED,review,base,801730.SI,1,0,-1124.54,-0.0069066258626219
S02_CONFIRMED,review,base,801740.SI,1,0,-10946.6,-0.0328437455191492
S02_CONFIRMED,review,base,801760.SI,3,0,-18768.77,-0.022460368457236302
S02_CONFIRMED,review,base,801780.SI,2,0,-1788.79,-0.005497767208107714
S02_CONFIRMED,review,base,801790.SI,1,0,-6380.17,-0.0407713790500381
S02_CONFIRMED,review,base,801890.SI,5,2,676.61,0.00073804382367322
S02_CONFIRMED,review,base,801950.SI,1,0,-1405.46,-0.0090204442908653
S02_CONFIRMED,review,base,801970.SI,1,0,-6703.25,-0.0429981312578854
S02_CONFIRMED,review,stress,801010.SI,2,2,30300.38,0.0556702625341843
S02_CONFIRMED,review,stress,801030.SI,9,6,26908.88,0.016311867428424203
S02_CONFIRMED,review,stress,801040.SI,1,0,-6830.9,-0.0426572316056807
S02_CONFIRMED,review,stress,801050.SI,4,1,-19512.82,-0.019956845121534852
S02_CONFIRMED,review,stress,801110.SI,1,0,-1444.68,-0.0087109518204796
S02_CONFIRMED,review,stress,801140.SI,1,0,-10667.26,-0.067949243464416
S02_CONFIRMED,review,stress,801150.SI,3,0,-11234.51,-0.0232466488371966
S02_CONFIRMED,review,stress,801170.SI,2,1,-1855.4,-0.005781260077554201
S02_CONFIRMED,review,stress,801210.SI,1,0,-6900.43,-0.0431920679768237
S02_CONFIRMED,review,stress,801710.SI,1,1,7378.44,0.0447957220147401
S02_CONFIRMED,review,stress,801720.SI,1,0,-8521.68,-0.0540767754055529
S02_CONFIRMED,review,stress,801730.SI,1,0,-1452.46,-0.008911644425596
S02_CONFIRMED,review,stress,801740.SI,1,0,-11437.9,-0.0345298586415892
S02_CONFIRMED,review,stress,801760.SI,3,0,-20060.57,-0.024698410663943533
S02_CONFIRMED,review,stress,801780.SI,2,0,-2395.0,-0.0075146715050213
S02_CONFIRMED,review,stress,801790.SI,1,0,-6704.1,-0.0427970766406711
S02_CONFIRMED,review,stress,801890.SI,5,2,-1014.54,-0.0013982847198698793
S02_CONFIRMED,review,stress,801950.SI,1,0,-1727.41,-0.0112662922171268
S02_CONFIRMED,review,stress,801970.SI,1,0,-7098.04,-0.046030554959479
S02_STRICT,review,base,801120.SI,1,0,-7572.45,-0.0454731885067521
S02_STRICT,review,base,801130.SI,1,0,-6196.64,-0.0374004992052611
S02_STRICT,review,base,801170.SI,1,0,-1956.57,-0.0120364028333164
S02_STRICT,review,base,801210.SI,1,0,-4562.7,-0.0274290475459067
S02_STRICT,review,base,801890.SI,1,0,-4547.62,-0.0278009777616386
S02_STRICT,review,stress,801120.SI,1,0,-7829.22,-0.0472786636885186
S02_STRICT,review,stress,801130.SI,1,0,-6452.57,-0.0389151191603906
S02_STRICT,review,stress,801170.SI,1,0,-2539.82,-0.0156488928239812
S02_STRICT,review,stress,801210.SI,1,0,-4854.62,-0.0291583496800048
S02_STRICT,review,stress,801890.SI,1,0,-5074.81,-0.0310860132266597
S03_CONFIRMED,review,base,801030.SI,1,0,-19266.76,-0.0575142924812088
S03_CONFIRMED,review,base,801150.SI,1,0,-867.34,-0.005224138829318
S03_CONFIRMED,review,base,801160.SI,1,1,1730.04,0.0106193132360418
S03_CONFIRMED,review,base,801750.SI,1,0,-2959.48,-0.0177454849143171
S03_CONFIRMED,review,base,801790.SI,1,1,6139.13,0.03700558073812
S03_CONFIRMED,review,stress,801030.SI,1,0,-19708.25,-0.0590145992504989
S03_CONFIRMED,review,stress,801150.SI,1,0,-1239.24,-0.0074558013461281
S03_CONFIRMED,review,stress,801160.SI,1,1,1382.13,0.0084747217676974
S03_CONFIRMED,review,stress,801750.SI,1,0,-3181.43,-0.0190636386602679
S03_CONFIRMED,review,stress,801790.SI,1,1,5717.23,0.0344186521964441
S04_CONFIRMED,review,base,801010.SI,1,1,8114.02,0.0493085636500644
S04_CONFIRMED,review,base,801040.SI,1,1,3879.41,0.0116405017603235
S04_CONFIRMED,review,base,801110.SI,2,2,27703.69,0.0491249736994528
S04_CONFIRMED,review,base,801120.SI,1,0,-5549.62,-0.033412632055914
S04_CONFIRMED,review,base,801130.SI,4,2,11937.98,0.006414850500126128
S04_CONFIRMED,review,base,801140.SI,1,0,-18201.57,-0.0526589430954052
S04_CONFIRMED,review,base,801150.SI,1,1,6953.2,0.0420801101640484
S04_CONFIRMED,review,base,801170.SI,1,0,-3083.35,-0.0185910399309261
S04_CONFIRMED,review,base,801200.SI,1,0,-13541.33,-0.0810107158155195
S04_CONFIRMED,review,base,801210.SI,1,0,-3475.22,-0.0105238791536635
S04_CONFIRMED,review,base,801720.SI,1,0,-8123.93,-0.0242418645150384
S04_CONFIRMED,review,base,801730.SI,3,1,-12702.3,-0.024924180724219966
S04_CONFIRMED,review,base,801780.SI,3,0,-15674.28,-0.031648325755836
S04_CONFIRMED,review,base,801880.SI,1,1,6130.3,0.0371868939416779
S04_CONFIRMED,review,base,801950.SI,1,0,-1794.54,-0.0108113650729541
S04_CONFIRMED,review,base,801970.SI,2,2,10118.04,0.024888766193196653
S04_CONFIRMED,review,stress,801010.SI,1,1,7784.11,0.0472563160567517
S04_CONFIRMED,review,stress,801040.SI,1,1,3035.26,0.0092355435427705
S04_CONFIRMED,review,stress,801110.SI,2,2,26436.84,0.04677999048187355
S04_CONFIRMED,review,stress,801120.SI,1,0,-5818.56,-0.0355764931349418
S04_CONFIRMED,review,stress,801130.SI,4,2,10508.17,0.004711192846080598
S04_CONFIRMED,review,stress,801140.SI,1,0,-18701.11,-0.0542515882080061
S04_CONFIRMED,review,stress,801150.SI,1,1,6437.32,0.0399741897680475
S04_CONFIRMED,review,stress,801170.SI,1,0,-5525.73,-0.0336133487648406
S04_CONFIRMED,review,stress,801200.SI,1,0,-13694.07,-0.0828681980603954
S04_CONFIRMED,review,stress,801210.SI,1,0,-4147.05,-0.0125455880055581
S04_CONFIRMED,review,stress,801720.SI,1,0,-9069.12,-0.0272844924415976
S04_CONFIRMED,review,stress,801730.SI,3,1,-14100.65,-0.027781554806219966
S04_CONFIRMED,review,stress,801780.SI,3,0,-16650.6,-0.0337200377081578
S04_CONFIRMED,review,stress,801880.SI,1,1,5737.75,0.0352120455235856
S04_CONFIRMED,review,stress,801950.SI,1,0,-2083.18,-0.0129058182182687
S04_CONFIRMED,review,stress,801970.SI,2,2,9036.57,0.02279028132948055
S04_STRICT,review,base,801110.SI,1,1,23663.5,0.0714105317490104
S04_STRICT,review,base,801150.SI,3,2,927.69,0.001833523213129033
S04_STRICT,review,base,801170.SI,1,0,-3145.01,-0.0185909994312177
S04_STRICT,review,base,801730.SI,2,1,-3523.75,-0.0104608301991215
S04_STRICT,review,stress,801110.SI,1,1,22819.7,0.0687765388026088
S04_STRICT,review,stress,801150.SI,3,2,-149.83,-0.0004031986832788668
S04_STRICT,review,stress,801170.SI,1,0,-5693.18,-0.033613368971549
S04_STRICT,review,stress,801730.SI,2,1,-4445.93,-0.013282225838176
S05_CONFIRMED,review,base,801150.SI,1,0,-16545.81,-0.1006430315639903
S05_CONFIRMED,review,base,801740.SI,1,0,-8813.17,-0.0532929194589781
S05_CONFIRMED,review,base,801780.SI,2,1,8601.5,0.025438266324335403
S05_CONFIRMED,review,base,801960.SI,1,0,-8772.31,-0.0535937028524808
S05_CONFIRMED,review,stress,801150.SI,1,0,-16870.75,-0.1025103841076229
S05_CONFIRMED,review,stress,801740.SI,1,0,-9127.08,-0.0551387612427987
S05_CONFIRMED,review,stress,801780.SI,2,1,7391.37,0.02169205514936215
S05_CONFIRMED,review,stress,801960.SI,1,0,-9355.57,-0.0572364873070298
S06_CONFIRMED,review,base,801050.SI,1,0,-8444.7,-0.0507272698766806
S06_CONFIRMED,review,base,801080.SI,4,3,18798.77,0.02808753457879111
S06_CONFIRMED,review,base,801120.SI,2,2,15570.67,0.046465631832009094
S06_CONFIRMED,review,base,801150.SI,1,0,-7158.58,-0.0425811686090743
S06_CONFIRMED,review,base,801210.SI,1,0,-2983.02,-0.0175527861345334
S06_CONFIRMED,review,stress,801050.SI,1,0,-8767.63,-0.0526130458616334
S06_CONFIRMED,review,stress,801080.SI,4,2,17273.25,0.02622743160138205
S06_CONFIRMED,review,stress,801120.SI,2,2,14810.86,0.044247521446216506
S06_CONFIRMED,review,stress,801150.SI,1,0,-7424.63,-0.0448135196904121
S06_CONFIRMED,review,stress,801210.SI,1,0,-3326.93,-0.0195566340766852
S06_STRICT,review,base,801210.SI,1,1,7684.13,0.0463828899528416
S06_STRICT,review,base,801880.SI,2,1,-4861.15,-0.01562895302232245
S06_STRICT,review,stress,801210.SI,1,1,7165.58,0.0442117170632246
S06_STRICT,review,stress,801880.SI,2,1,-5526.99,-0.0176695988544739
S07_CONFIRMED,review,base,801010.SI,2,2,28433.5,0.0441666490419462
S07_CONFIRMED,review,base,801030.SI,1,0,-7255.99,-0.0447071878486977
S07_CONFIRMED,review,base,801050.SI,2,0,-11070.89,-0.033567997122989454
S07_CONFIRMED,review,base,801140.SI,2,1,3979.15,0.0123731362613092
S07_CONFIRMED,review,base,801730.SI,1,0,-12397.87,-0.0747213349548237
S07_CONFIRMED,review,base,801760.SI,1,0,-1760.5,-0.0106101886016018
S07_CONFIRMED,review,stress,801010.SI,2,2,26924.42,0.04203460885872545
S07_CONFIRMED,review,stress,801030.SI,1,0,-7819.25,-0.0482538038073804
S07_CONFIRMED,review,stress,801050.SI,2,0,-11688.78,-0.03540401880601135
S07_CONFIRMED,review,stress,801140.SI,2,1,3215.34,0.009992966290670901
S07_CONFIRMED,review,stress,801730.SI,1,0,-12785.78,-0.0769692264682376
S07_CONFIRMED,review,stress,801760.SI,1,0,-2154.4,-0.0129687445070649
S08_CONFIRMED,review,base,801030.SI,4,1,4574.76,0.0059966006693344
S08_CONFIRMED,review,base,801050.SI,1,0,-13268.69,-0.0398137206045513
S08_CONFIRMED,review,base,801080.SI,1,1,8822.44,0.0530307688747392
S08_CONFIRMED,review,base,801110.SI,3,1,-15871.34,-0.02112440608966913
S08_CONFIRMED,review,base,801130.SI,1,0,-1446.48,-0.0091234590428605
S08_CONFIRMED,review,base,801210.SI,1,1,6652.3,0.0415759421397982
S08_CONFIRMED,review,base,801710.SI,1,1,18418.58,0.1106655906882806
S08_CONFIRMED,review,base,801720.SI,1,0,-8339.53,-0.0501645417517627
S08_CONFIRMED,review,base,801730.SI,2,0,-13359.53,-0.040653689751069
S08_CONFIRMED,review,base,801740.SI,3,0,-31388.46,-0.06463013756167993
S08_CONFIRMED,review,base,801880.SI,1,1,2913.94,0.0183762304807652
S08_CONFIRMED,review,base,801890.SI,2,0,-17683.04,-0.03516423265512475
S08_CONFIRMED,review,base,801960.SI,1,0,-2113.95,-0.0065681268977216
S08_CONFIRMED,review,base,801980.SI,1,0,-1907.78,-0.0112320375593665
S08_CONFIRMED,review,stress,801030.SI,4,1,3221.93,0.0037524832967076992
S08_CONFIRMED,review,stress,801050.SI,1,0,-13746.57,-0.0412180684531586
S08_CONFIRMED,review,stress,801080.SI,1,1,8500.52,0.0510463256099963
S08_CONFIRMED,review,stress,801110.SI,3,1,-17127.8,-0.023304898425392868
S08_CONFIRMED,review,stress,801130.SI,1,0,-1938.98,-0.012307168514041
S08_CONFIRMED,review,stress,801210.SI,1,1,6294.55,0.0395497304142896
S08_CONFIRMED,review,stress,801710.SI,1,1,18152.63,0.1089805449582577
S08_CONFIRMED,review,stress,801720.SI,1,0,-8850.73,-0.0533486892554716
S08_CONFIRMED,review,stress,801730.SI,2,0,-13925.29,-0.0424706143705481
S08_CONFIRMED,review,stress,801740.SI,3,0,-32147.03,-0.06652705390961854
S08_CONFIRMED,review,stress,801880.SI,1,1,2522.01,0.0160628719460442
S08_CONFIRMED,review,stress,801890.SI,2,0,-18530.59,-0.0371323573294496
S08_CONFIRMED,review,stress,801960.SI,1,0,-3255.58,-0.0101839009979602
S08_CONFIRMED,review,stress,801980.SI,1,0,-2289.69,-0.0134653825186262
